organization_name,startup_uuid,founder_name,linkedin_url,is_scrapped,is_scrapped_profile
Accountable Healthcare Staffing,ff26f317-7978-0ee7-e453-ab73e9c8f795,Robert Adamson,https://www.linkedin.com/in/robert-s-adamson-90420b135,1,0
Accountingprose,c36ace75-a317-94c2-746c-289fd6f4bd36,Cristina Garza,https://www.linkedin.com/in/cristina-tina-garza-small-business-superhero-b5622124,1,0
AbilTo,82abc396-2401-7a5d-2114-64cbe369bdc6,Michael Laskoff,http://www.linkedin.com/pub/michael-b-laskoff/1/bb/741,1,0
305 Fitness,bd29feb2-1ff8-2276-be5c-3f6d89484de9,Sadie Kurzban,https://www.linkedin.com/in/sadie-kurzban-we-re-hiring-73a56a18/,1,0
Amind,24c22803-792d-5571-fbcc-46b307e1c824,Johanna Viklund,https://es.linkedin.com/pub/johanna-viklund/19/811/36b,1,0
Bimpies,87d11767-294f-4759-bbd0-7ecb63509996,John Chang,https://www.linkedin.com/in/changjohn/,1,0
blu eCigs,2eb730e3-f4c7-ab3f-9f0f-d6aa2125047d,Jason Healy,http://www.linkedin.com/pub/jason-healy/1/690/a8a/en,1,0
"Blue Moon Digital, Inc.",8c980274-288d-23c0-237b-bb6741457491,Cindy Brown,https://www.linkedin.com/in/cindybrownbluemoondigital/,1,0
Coastal Ridge Real Estate,4b33d3f7-bcfe-4393-96a7-474ec57e3e6c,Andrew Lallathin,https://www.linkedin.com/in/andrew-lallathin-b639163/,1,0
Code Ninja,768a3dd5-bf02-ea7f-43d8-81ecdcc3d419,David Rice,https://www.linkedin.com/in/derice,1,0
Defy Ventures,31011f80-8ab9-19bf-2d62-dd2e446a2a08,Catherine Hoke,http://www.linkedin.com/pub/catherine-hoke-rohr/33/357/29a,1,0
Delivering Happiness,e318877e-383a-0ade-41cb-b284168beb5d,Jenn Lim,https://www.linkedin.com/in/jennlim,1,0
Dojo,e0ce61ed-6d1f-738e-d9e8-2b8b8f00a222,Kelly Kampen,http://www.linkedin.com/in/kkampen,1,0
Evelar Solar,fdf3cb97-b245-4e02-8d3a-ab845c91440c,Spencer Angerbauer,https://www.linkedin.com/in/spencerangerbauer/,1,0
GreenThumb,28d004df-7fed-9c03-a167-14ab8e2cc941,Mohammed W. Alshootfa,http://www.linkedin.com/in/alshootfa,1,0
Growcentia,083f19a6-8bbe-fb4e-0a35-3eb68c46b674,Colin Bell,https://www.linkedin.com/in/colin-bell-phd-38734313,1,0
cbanc Network,78fa0fcf-2f90-f688-a3a2-522fa3f83683,Myers Dupuy,https://www.linkedin.com/in/myersdupuy/,1,0
Centro Global Solutions,3ef8bbfb-1958-498f-a118-38b1fcdad473,Sean Farag,https://www.linkedin.com/in/sean-farag-72b45559/,1,0
ChannelMeter,2ed4edb3-bd7c-8cea-6871-9d68c20b3141,Eugene Lee,https://www.linkedin.com/in/mynameiseugene,1,0
CustomersFirst Now,05000b13-c414-8923-2dc7-73cbae3bc1d8,Kerri K. Nelson,https://www.linkedin.com/in/kerri-k-nelson-47657b2/,1,0
El Rey Network,5df85749-9b86-a3bb-9530-1ef77330d32d,Robert Anthony Rodriguez,https://www.linkedin.com/in/robertr-agroads,1,0
HIRECLOUT,b35ba40b-fda6-fc30-1907-8bca145fff4c,Avetis Antaplyan,https://www.linkedin.com/in/yourpartnerrecruiteravetis,1,0
Hook Agency,c1c5d3fa-efa3-4592-a2f7-b4bd4b8badb7,Tim Brown,https://www.linkedin.com/in/tim-brown-%F0%9F%8E%A3-3160bb35/,1,0
Integem Inc.,a7f224c0-9d64-9d12-8ebc-ec95a81337ff,Eliza Yingzi Du,https://www.linkedin.com/in/dr-eliza-yingzi-du-5169007/,1,0
IntellaTriage,d88b94cb-c97a-418b-acbc-795ffcf8f8e8,Suzi Meschbach,https://www.linkedin.com/in/suzi-meschbach-93b81b,1,0
Practice Interactive DBA as Intiva Health,a13a76ff-7172-f444-1b51-928df89e8e0c,Alexander Candelario,https://www.linkedin.com/in/alexander-candelario-76b5566a/,1,0
Juicero,c7b2eabf-23e2-f584-d2bc-be42ea47358f,Doug Evans,https://www.linkedin.com/in/juicero,1,0
Apptology,5a249cda-ff3b-4a41-733d-a7c83df108f3,Rich Foreman,https://www.linkedin.com/in/cordicocto/,1,0
Armor,71d3c316-d9bc-7b83-2dd3-227f06c42989,Chris Drake,http://www.linkedin.com/in/chrisdraketx,1,0
CultureIQ,a46a24a5-a7e7-7f90-1524-96e54eb9d21e,Greg Besner,http://www.linkedin.com/in/gregnyc,1,0
goBalto,32fbcda0-fb63-fdf0-c233-d16fc008960e,Jae Chung,https://www.linkedin.com/in/gobalto,1,0
LoyaltyPlant,ed250012-b5d1-9d42-daa9-65b4cba4db29,Vasilii Diachenko,https://ru.linkedin.com/in/vdv2013,1,0
Lunera,735cf34d-3a15-0d31-c32f-1e0a96ebca60,Don Peifer,https://www.linkedin.com/pub/don-peifer/25/638/8aa,1,0
Motivate Design,1f68c5fe-ef05-aad1-41c8-bb20b25e545b,Mona Patel,https://www.linkedin.com/in/motivatemonapatel,1,0
NurseGrid,1aab61e9-d4d9-75a8-a8b4-bda2fa1eecbf,Joe Novello,https://www.linkedin.com/in/joe-novello-bsn-rn-b6225a3,1,0
Nuvotronics,6a5bf291-4679-9f90-f4dd-cd4b73f7a91d,David Sherrer,https://www.linkedin.com/in/sherrer,1,0
Office IQ,3284cfe8-8dca-959f-6cad-e6b4b86a45e3,Ray Wang,https://www.linkedin.com/in/raycornellwang,1,0
OpenSponsorship,80da13da-b7d4-d5c9-9da2-1ee57958b0c8,Ishveen Anand,http://www.linkedin.com/in/ishveenanand,1,0
Stack Construction Technologies,2fa83929-2792-403a-984f-0c74d6ece2d2,Phil Ogilby,https://www.linkedin.com/in/phil-ogilby-b9141a,1,0
SiO Digital,b75ad746-58a7-dde2-bcc5-98e8894e482a,Giovanni Letellier,https://www.linkedin.com/in/giovanni-letellier/,1,0
Burner,eaf0d86b-4a94-433d-9e54-3e157bcb8cd7,Oke Okaro,https://www.linkedin.com/in/oke-okaro-41771/,1,0
Azran Financial,232f3184-b322-6de5-fe22-f9df4d3de06d,Joshua Azran,http://www.linkedin.com/in/jazran,1,0
Midwest Elite Group,2552ae2c-c95b-cd18-b1e5-a84f05b5248f,Liz Morris,https://www.linkedin.com/in/elizabeth-morris-5ab23963,1,0
NEST Fragrances,e3c48ae4-5322-7e1e-0dd1-ecf9622b4b4f,Laura Slatkin,https://www.linkedin.com/in/laura-slatkin-b307784b,1,0
Medra Marketing,1eee0a48-642e-c65c-6432-4ac0bbd4f157,Ashley Castillo,https://www.linkedin.com/in/ashley-castillo-261a7569,1,0
MobiDart,ef8c5b67-1ab5-1217-96d5-91e6b60b4ebc,Frank Rice,https://www.linkedin.com/in/frank-rice-0118851a,1,0
Mobile Theory,a730241e-72c9-7d78-1911-008e835b76f4,Scott Swanson,http://www.linkedin.com/in/scottswanson77,1,0
Narrativ,9e607ab5-10f0-95fc-abfc-2c1ee688fea0,Shirley Chen,https://www.linkedin.com/in/shrleychen/,1,0
"Ranksharks, LLC",8e87e10f-534c-68ae-dddd-67a6d288b6c1,Travis Peters,https://www.linkedin.com/in/travispetersentrepreneur,1,0
Nonda,f776bfcb-e7df-edfb-bb1c-8f0e843373a9,Jia Li,http://www.linkedin.com/in/baixingjia,1,0
Recovery Centers of America,a9a26d0f-81c8-a90f-fdf3-eb88251a3729,Alexander Karnal,https://www.linkedin.com/in/alexanderkarnal/,1,0
Reserved Barking,22c31227-c483-9dd1-0739-7283c18cbf3f,Bilal Malik,https://www.linkedin.com/in/mbm185,1,0
Solera Health,7495c6eb-b4f5-a3b0-c7e7-75c042c4ef15,Brenda Schmidt,https://www.linkedin.com/in/brendaschmidtsolera,1,0
Talentrackr,9f582a21-6820-e8c2-dc68-9355c0f69ef3,Paul Silverstein,https://www.linkedin.com/in/paulasilverstein,1,0
Karma,859a7663-1488-4185-accf-4bd06c37d612,Karam Hinduja,https://www.linkedin.com/in/karamhinduja/,1,0
Northwestern Marketing Concepts,beab7fab-1a7c-4105-b2ef-9c7cc7785d03,Holly Clark,https://www.linkedin.com/in/clarkholly/,1,0
"Vaddo, Inc.",ec469853-4880-c5e4-917c-cd51eb7cba27,Ryan Caugherty,https://www.linkedin.com/in/ryan-caugherty,1,0
WhiteFox Defense Technologies,88cf81ea-e989-637b-ebe3-1f1b0ae020c5,Luke Fox,https://www.linkedin.com/in/lukerfox/,1,0
Xinova LLC,d88ed367-9fc8-d195-db59-be19db72279d,Edward Jung,https://www.linkedin.com/in/jungedward,1,0
"UniBit, Inc.",694c7faf-caf7-45c8-8be3-815312f7add5,Vincent Jiang,https://www.linkedin.com/in/vincent-jiang-55740855/,1,0
United Income,6322f77c-39ec-b08b-fd7a-72ccce925cd4,Matt Fellowes,https://www.linkedin.com/in/mattfellowes,1,0
Wrevel Inc.,2d80537d-1c77-83c9-606e-27faa34d90a6,Sajid Zaman,https://www.linkedin.com/in/saj-zaman-4813326a,1,0
SupplyKick,d3c566a4-1f6d-48ba-bb12-13a534af6948,Chris Palmer,https://www.linkedin.com/in/christophermpalmer,1,0
Trayvax,678cc576-184b-80e2-2d18-e1a54d5ad709,Mark King,https://www.linkedin.com/in/mark-king-9b96ab112/,1,0
Crowd PR,7bf6f444-9167-a9ca-a18d-4071d4b0739f,Marie Stapleton,https://www.linkedin.com/in/crowd-pr-marie,1,0
The Purple Carrot,c554e8ae-8753-c4b0-45a2-7d8e38c8d233,Andrew Levitt,https://www.linkedin.com/in/andrewnlevitt,1,0
BR‚àö√ñ¬¨√≠‚àö√â¬¨¬µVO Pay,1cba4133-cfd0-1d53-77b4-21cb49a28bf3,Maria Luna,https://www.linkedin.com/in/mlunaceobravopay/,1,0
BR‚àö¬¢¬¨√¢¬¨√†‚àö√â¬¨‚â†‚àö¬¢¬¨√†¬¨√∂‚àö√á¬¨¬µVO Pay,1cba4133-cfd0-1d53-77b4-21cb49a28bf3,Maria Luna,https://www.linkedin.com/in/mlunaceobravopay/,1,0
ExpandLab,d09ebaf4-a27f-158e-ce7c-695a4e01410a,Adam Phillips,https://www.linkedin.com/in/adam~phillips,1,0
Caktus,8445c917-e76d-48ab-4f9e-3a903ea440dc,Panu Keski-Pukkila,http://www.linkedin.com/pub/panukeskipukkila,1,0
Kissmetrics,c7a28547-3a5e-feb0-567f-ee7cba6bb948,khiladi poswal,https://www.linkedin.com/in/khiladi-gurjar-732aaa178,1,0
HyreCar,5c8927ec-6aa3-c197-96e5-1a8d34ef143e,Abhishek Arora,https://www.linkedin.com/in/abhi-arora-70901bb7/,1,0
LevelUp,135b2272-9318-dc7f-9c82-5d6a5c7e73d9,Seth Priebatsch,https://www.linkedin.com/in/chiefninja,1,0
Shiftsmart,cf59ba58-4687-4d0b-a396-0e3cd8849b6d,Aakash Kumar,https://www.linkedin.com/in/aakash-kumar-98327714/,1,0
Zoomdata,ab1e9063-6a2c-6735-7775-99631aec760b,Justin Langseth,http://www.linkedin.com/pub/justin-langseth/2/183/9a7,1,0
Filevine,c3238dfc-293f-45c0-abb7-5baaa3c00c0f,Jim Blake,https://www.linkedin.com/in/jim-blake-10a46615b/,1,0
FinancialForce,76ca9c5a-61a4-1450-233b-0081c90f51d3,Debbie Ashton,http://uk.linkedin.com/pub/debbie-ashton/4/961/658,1,0
Powerupcloud Technologies,035a5b27-fc07-c927-3450-1c614ca4bb1b,Siva S,https://www.linkedin.com/in/surendirasiva/,1,0
Rentah,b113868e-a6e7-44c1-4f46-2a21c842f65c,Anup Desai,https://www.linkedin.com/in/rentah/,1,0
Roomeze,a52b3322-845a-2a2b-c0e1-95e9684d4099,Jordan Davidovit,https://www.linkedin.com/in/jordan-davidovit-a2599580,1,0
Stoop,9a3afa4c-f1ce-8f27-bb6f-876f36b1092a,Uri Maxima,https://www.linkedin.com/in/aumaxima,1,0
Vera Whole Health,2c718ee4-a250-e338-8a25-8863e8030a22,Tom Norwood,https://www.linkedin.com/in/tom-n-4413415/,1,0
SpeachMe,7dc83475-ecf1-ff6a-1375-3e673f7e8c7c,Najette Fellache,https://www.linkedin.com/in/najette-fellache-6331b866,1,0
Specright,81e862b5-2acf-cac4-b153-1fc22e8d63e4,Matthew Wright,https://www.linkedin.com/in/matthew-wright-17a58a121/,1,0
TRELORA,9a938d75-fc6c-b3b5-7fc7-e1480b10a521,Joshua Hunt,https://www.linkedin.com/in/joshua-hunt-22377211/,1,0
Wyre,101f0fb2-5382-f657-21f4-b3082c12fb78,Ioannis Giannaros,http://www.linkedin.com/in/ioannisgiannaros,1,0
