id,name
48157,Abbey Wood
48158,Abbots Bromley
48159,Abbots Langley
48160,Abbotskerswell
48161,Abbotts Ann
48162,Aberaeron
48163,Abercanaid
48164,Abercarn
48165,Aberchirder
48166,Abercynon
48167,Aberdare
48168,Aberdeen
48169,Aberdeen City
48170,Aberdeenshire
48171,Aberdour
48172,Aberfan
48173,Aberfeldy
48174,Aberford
48175,Abergavenny
48176,Abergele
48177,Aberkenfig
48178,Aberlady
48179,Abernethy
48180,Aberporth
48181,Abertillery
48182,Abertridwr
48183,Aberystwyth
48184,Abingdon
48185,Aboyne
48186,Abram
48187,Abridge
48188,Accrington
48189,Acklington
48190,Acle
48191,Acocks Green
48192,Acomb
48193,Acton
48194,Adderbury
48195,Addiebrownhill
48196,Addingham
48197,Addlestone
48198,Adlington
48199,Adwick le Street
48200,Ahoghill
48201,Airdrie
48202,Airmyn
48203,Airth
48204,Albrighton
48205,Alcester
48206,Alconbury
48207,Aldbourne
48208,Aldbrough
48209,Aldeburgh
48210,Alderbury
48211,Alderholt
48212,Alderley Edge
48213,Aldershot
48214,Aldford
48215,Aldridge
48216,Alexandria
48217,Alford
48218,Alford
48219,Alfreton
48220,Allanton
48221,Allhallows
48222,Alloa
48223,Almondbank
48224,Almondsbury
48225,Alness
48226,Alnwick
48227,Alresford
48228,Alrewas
48229,Alsager
48230,Alston
48231,Althorne
48232,Alton
48233,Altrincham
48234,Alva
48235,Alvechurch
48236,Alveley
48237,Alveston
48238,Alyth
48239,Amble
48240,Ambleside
48241,Ambrosden
48242,Amersham
48243,Amersham on the Hill
48244,Amesbury
48245,Amlwch
48246,Ammanford
48247,Ampthill
48248,Ancaster
48249,Andover
48250,Anglesey
48251,Angus
48252,Anna Valley
48253,Annahilt
48254,Annalong
48255,Annan
48256,Annfield Plain
48257,Anstey
48258,Anstruther
48259,Antrim
48260,Antrim and Newtownabbey
48261,Appleby
48262,Appleby-in-Westmorland
48263,Appledore
48264,Appleton Thorn
48265,Appley Bridge
48266,Arbroath
48267,Archway
48268,Ardersier
48269,Ardglass
48270,Ardingly
48271,Ardrishaig
48272,Ardrossan
48273,Ards and North Down
48274,Argyll and Bute
48275,Arlesey
48276,Armadale
48277,Armagh
48278,Armagh City Banbridge and Craigavon
48279,Armitage
48280,Armthorpe
48281,Arnold
48282,Arnside
48283,Arundel
48284,Ascot
48285,Asfordby
48286,Ash
48287,Ashbourne
48288,Ashburton
48289,Ashby de la Zouch
48290,Ashford
48291,Ashgill
48292,Ashill
48293,Ashington
48294,Ashtead
48295,Ashton Keynes
48296,Ashton in Makerfield
48297,Ashton-under-Lyne
48298,Ashurst
48299,Ashwell
48300,Askam in Furness
48301,Askern
48302,Aslockton
48303,Aspatria
48304,Aston
48305,Aston Clinton
48306,Aston-on-Trent
48307,Astwood Bank
48308,Atherstone
48309,Atherton
48310,Attleborough
48311,Atworth
48312,Auchinleck
48313,Auchterarder
48314,Auchtermuchty
48315,Auckley
48316,Audlem
48317,Audley
48318,Aveley
48319,Avening
48320,Aviemore
48321,Awsworth
48322,Axbridge
48323,Axminster
48324,Aylesbury
48325,Aylesford
48326,Aylesham
48327,Aylsham
48328,Ayr
48329,Babworth
48330,Backworth
48331,Bacton
48332,Bacup
48333,Badsey
48334,Badsworth
48335,Bagillt
48336,Bagshot
48337,Bagworth
48338,Baildon
48339,Bakewell
48340,Bala
48341,Balcombe
48342,Baldock
48343,Balerno
48344,Balfron
48345,Balintore
48346,Ballater
48347,Ballinamallard
48348,Ballingry
48349,Ballintoy Harbour
48350,Balloch
48351,Ballycastle
48352,Ballyclare
48353,Ballygowan
48354,Ballykelly
48355,Ballymena
48356,Ballymoney
48357,Ballynahinch
48358,Ballypatrick
48359,Ballywalter
48360,Balmedie
48361,Balmullo
48362,Balsall Common
48363,Balsham
48364,Bamburgh
48365,Bampton
48366,Banbridge
48367,Banbury
48368,Banchory
48369,Banff
48370,Bangor
48371,Bangor
48372,Banham
48373,Bankfoot
48374,Banknock
48375,Banks
48376,Bannockburn
48377,Banstead
48378,Banwell
48379,Bar Hill
48380,Barbican
48381,Bardney
48382,Bardsey
48383,Bargeddie
48384,Bargoed
48385,Barham
48386,Barking
48387,Barkisland
48388,Barlaston
48389,Barlborough
48390,Barlby
48391,Barlestone
48392,Barmby on the Marsh
48393,Barmouth
48394,Barnack
48395,Barnard Castle
48396,Barnburgh
48397,Barnet
48398,Barnetby le Wold
48399,Barnham
48400,Barnoldswick
48401,Barnsbury
48402,Barnsley
48403,Barnstaple
48404,Barnt Green
48405,Barnwood
48406,Barra
48407,Barrhead
48408,Barrow in Furness
48409,Barrow upon Humber
48410,Barrow upon Soar
48411,Barrowby
48412,Barrowford
48413,Barry
48414,Bartley Green
48415,Barton under Needwood
48416,Barton upon Humber
48417,Barton-le-Clay
48418,Baschurch
48419,Basford
48420,Basildon
48421,Basingstoke
48422,Baslow
48423,Bassingbourn
48424,Bassingham
48425,Baston
48426,Bath
48427,Bath and North East Somerset
48428,Bathgate
48429,Batley
48430,Battersea
48431,Battle
48432,Bawtry
48433,Bay Horse
48434,Bayston Hill
48435,Bayswater
48436,Beaconsfield
48437,Beadnell
48438,Beaminster
48439,Bearsden
48440,Beauly
48441,Beaumaris
48442,Bebington
48443,Beccles
48444,Beckenham
48445,Beckingham
48446,Becontree
48447,Bedale
48448,Beddau
48449,Bedford
48450,Bedlington
48451,Bedlinog
48452,Bedwas
48453,Bedworth
48454,Beeford
48455,Beighton
48456,Beith
48457,Belbroughton
48458,Belfast
48459,Belford
48460,Bellaghy
48461,Bellingham
48462,Bellsbank
48463,Bellshill
48464,Belmont
48465,Belper
48466,Belsize Park
48467,Belton
48468,Belvedere
48469,Bembridge
48470,Bempton
48471,Benbecula
48472,Benllech
48473,Benson
48474,Bentley
48475,Benwell
48476,Bere Alston
48477,Bere Regis
48478,Berkeley
48479,Berkhamsted
48480,Berwick-Upon-Tweed
48481,Bethesda
48482,Bethnal Green
48483,Betley
48484,Betws
48485,Betws-y-Coed
48486,Beverley
48487,Bewbush
48488,Bewdley
48489,Bexhill-on-Sea
48490,Bexley
48491,Bicester
48492,Bicknacre
48493,Bicton
48494,Biddenden
48495,Biddestone
48496,Biddulph
48497,Bideford
48498,Bidford-on-Avon
48499,Biggar
48500,Biggin Hill
48501,Biggleswade
48502,Bildeston
48503,Billericay
48504,Billingborough
48505,Billinge
48506,Billingham
48507,Billinghay
48508,Billingshurst
48509,Billington
48510,Bilsdale
48511,Bilsthorpe
48512,Bilston
48513,Bilston
48514,Bingham
48515,Bingley
48516,Birchington-on-Sea
48517,Bircotes
48518,Birdham
48519,Birdwell
48520,Birkenhead
48521,Birmingham
48522,Bishop Auckland
48523,Bishop Middleham
48524,Bishop Sutton
48525,Bishop's Castle
48526,Bishopbriggs
48527,Bishops Cleeve
48528,Bishops Lydeard
48529,Bishops Stortford
48530,Bishops Waltham
48531,Bishopsteignton
48532,Bishopstoke
48533,Bishopston
48534,Bishopstone
48535,Bishopsworth
48536,Bishopthorpe
48537,Bishopton
48538,Bishopton
48539,Bitton
48540,Blaby
48541,Black Notley
48542,Blackburn
48543,Blackburn
48544,Blackburn with Darwen
48545,Blackheath
48546,Blackley
48547,Blackmoorfoot
48548,Blackpool
48549,Blackridge
48550,Blackrod
48551,Blackwell
48552,Blackwood
48553,Blackwood
48554,Blacon
48555,Blaenau Gwent
48556,Blaenau-Ffestiniog
48557,Blaenavon
48558,Blaengwynfi
48559,Blagdon
48560,Blairgowrie
48561,Blandford Forum
48562,Blantyre
48563,Blaydon-on-Tyne
48564,Bleadon
48565,Blean
48566,Bletchingley
48567,Bletchley
48568,Blewbury
48569,Blidworth
48570,Blindley Heath
48571,Blisworth
48572,Blockley
48573,Bloxham
48574,Bloxwich
48575,Blunham
48576,Bluntisham
48577,Blyth
48578,Blyton
48579,Boddam
48580,Bodedern
48581,Bodelwyddan
48582,Bodle Street
48583,Bodmin
48584,Bognor Regis
48585,Bollington
48586,Bolsover
48587,Bolton
48588,Bolton le Sands
48589,Bolton upon Dearne
48590,Bonhill
48591,Bonnybridge
48592,Bonnyrigg
48593,Boosbeck
48594,Bootle
48595,Bordon
48596,Boreham
48597,Borehamwood
48598,Borough Green
48599,Borough of Bolton
48600,Borough of Bury
48601,Borough of Halton
48602,Borough of North Tyneside
48603,Borough of Oldham
48604,Borough of Rochdale
48605,Borough of Stockport
48606,Borough of Swindon
48607,Borough of Tameside
48608,Borough of Thurrock
48609,Borough of Torbay
48610,Borough of Wigan
48611,Boroughbridge
48612,Borrowash
48613,Borth
48614,Bosham
48615,Boston
48616,Boston Spa
48617,Botesdale
48618,Bothwell
48619,Botley
48620,Bottesford
48621,Bottisham
48622,Boughton
48623,Bourne
48624,Bourne End
48625,Bournemouth
48626,Bourton
48627,Bourton on the Water
48628,Bovey Tracey
48629,Bovingdon
48630,Bovington Camp
48631,Bow
48632,Bow Brickhill
48633,Bow Street
48634,Bowburn
48635,Bowdon
48636,Bowthorpe
48637,Box
48638,Boxgrove
48639,Boxted
48640,Bozeat
48641,Boâ€™ness
48642,Bracebridge Heath
48643,Brackley
48644,Bracknell
48645,Bracknell Forest
48646,Bradfield
48647,Bradford
48648,Bradford-on-Avon
48649,Brading
48650,Bradley Cross
48651,Bradninch
48652,Bradwell
48653,Braintree
48654,Bramford
48655,Bramhall
48656,Bramham
48657,Bramhope
48658,Bramley
48659,Brampton
48660,Brandesburton
48661,Brandon
48662,Bransgore
48663,Branston
48664,Bratton
48665,Braunston
48666,Braunton
48667,Brayton
48668,Bream
48669,Brechin
48670,Brecon
48671,Bredbury
48672,Bredon
48673,Brenchley
48674,Brent
48675,Brent Knoll
48676,Brentford
48677,Brentwood
48678,Brewood
48679,Bridge
48680,Bridge of Allan
48681,Bridge of Earn
48682,Bridge of Weir
48683,Bridgend
48684,Bridgend county borough
48685,Bridgnorth
48686,Bridgwater
48687,Bridlington
48688,Bridport
48689,Brierfield
48690,Brierley Hill
48691,Brigg
48692,Brighouse
48693,Brighstone
48694,Brightlingsea
48695,Brighton
48696,Brighton and Hove
48697,Brightons
48698,Brigstock
48699,Brill
48700,Brimscombe
48701,Brinklow
48702,Brinscall
48703,Bristol
48704,Briston
48705,Briton Ferry
48706,Brixham
48707,Brixton
48708,Brixton Hill
48709,Brixworth
48710,Broad Blunsdon
48711,Broadfield
48712,Broadstairs
48713,Broadstone
48714,Broadwater
48715,Broadway
48716,Brockenhurst
48717,Brockley
48718,Bromborough
48719,Bromham
48720,Brompton
48721,Bromsgrove
48722,Bromyard
48723,Brooke
48724,Brora
48725,Broseley
48726,Brotton
48727,Brough
48728,Broughshane
48729,Broughton
48730,Broughton
48731,Broughton Astley
48732,Brownhills
48733,Broxbourne
48734,Broxburn
48735,Brundall
48736,Bruton
48737,Brymbo
48738,Bryn
48739,Brynamman
48740,Brynmawr
48741,Brynna
48742,Bubwith
48743,Buckden
48744,Buckfastleigh
48745,Buckhaven
48746,Buckhurst Hill
48747,Buckie
48748,Buckingham
48749,Buckinghamshire
48750,Buckley
48751,Bucknell
48752,Bude
48753,Budleigh Salterton
48754,Bugbrooke
48755,Bugle
48756,Builth Wells
48757,Bulford
48758,Bulkington
48759,Bulphan
48760,Bunbury
48761,Bungay
48762,Buntingford
48763,Burbage
48764,Bures Saint Mary
48765,Burford
48766,Burgess Hill
48767,Burgh le Marsh
48768,Burghead
48769,Burham
48770,Burley
48771,Burley in Wharfedale
48772,Burnage
48773,Burneside
48774,Burngreave
48775,Burnham-on-Crouch
48776,Burnham-on-Sea
48777,Burniston
48778,Burnley
48779,Burnopfield
48780,Burntisland
48781,Burntwood
48782,Burringham
48783,Burrington
48784,Burry Port
48785,Burscough
48786,Bursledon
48787,Burstwick
48788,Burton
48789,Burton Joyce
48790,Burton Latimer
48791,Burton Pidsea
48792,Burton on the Wolds
48793,Burton upon Stather
48794,Burton upon Trent
48795,Burtonwood
48796,Burwash
48797,Burwell
48798,Bury
48799,Bury St Edmunds
48800,Busby
48801,Bushey
48802,Bushmills
48803,Butterwick
48804,Buxted
48805,Buxton
48806,Byfield
48807,Byram
48808,Caddington
48809,Cadnam
48810,Caergwrle
48811,Caerleon
48812,Caernarfon
48813,Caerphilly
48814,Caerphilly County Borough
48815,Caerwent
48816,Cairneyhill
48817,Cairnryan
48818,Caister-on-Sea
48819,Caistor
48820,Calcot
48821,Calderbank
48822,Caldercruix
48823,Calderdale
48824,Caldicot
48825,Callander
48826,Callington
48827,Calne
48828,Calverton
48829,Camber
48830,Camberley
48831,Camblesforth
48832,Camborne
48833,Cambourne
48834,Cambridge
48835,Cambridgeshire
48836,Cambuslang
48837,Camden Town
48838,Cameley
48839,Camelford
48840,Campbeltown
48841,Campsall
48842,Canary Wharf
48843,Canewdon
48844,Canford Heath
48845,Cannock
48846,Canterbury
48847,Canvey Island
48848,Caol
48849,Capel
48850,Capel Saint Mary
48851,Capel le Ferne
48852,Carcroft
48853,Cardenden
48854,Cardiff
48855,Cardigan
48856,Cardington
48857,Cardross
48858,Carfin
48859,Carlisle
48860,Carlton
48861,Carluke
48862,Carmarthen
48863,Carmarthenshire
48864,Carmunnock
48865,Carnforth
48866,Carnlough
48867,Carnmoney
48868,Carnoustie
48869,Carnwath
48870,Carrickfergus
48871,Carron
48872,Carronshore
48873,Carryduff
48874,Carshalton
48875,Carterton
48876,Castle Cary
48877,Castle Donington
48878,Castle Douglas
48879,Castle Hedingham
48880,Castle Vale
48881,Castledawson
48882,Castlederg
48883,Castleford
48884,Castlereagh
48885,Castlerock
48886,Castleside
48887,Castlewellan
48888,Castor
48889,Catcliffe
48890,Caterham
48891,Caton
48892,Catrine
48893,Catterall
48894,Catterick
48895,Catterick Garrison
48896,Causeway Coast and Glens
48897,Cawood
48898,Cawston
48899,Cawthorne
48900,Caythorpe
48901,Cefn Cribwr
48902,Cemaes Bay
48903,Central Bedfordshire
48904,Chacewater
48905,Chadwell Heath
48906,Chadwell St Mary
48907,Chafford Hundred
48908,Chagford
48909,Chalfont Saint Peter
48910,Chalfont St Giles
48911,Chalford
48912,Chalgrove
48913,Chalton
48914,Chapel Allerton
48915,Chapel Saint Leonards
48916,Chapel en le Frith
48917,Chapelhall
48918,Chapeltown
48919,Chapmanslade
48920,Chard
48921,Charfield
48922,Charing
48923,Charlbury
48924,Charlestown of Aberlour
48925,Charlton Kings
48926,Charlton Marshall
48927,Charminster
48928,Charmouth
48929,Chartham
48930,Charvil
48931,Chasetown
48932,Chatburn
48933,Chatham
48934,Chatteris
48935,Cheadle
48936,Cheadle Heath
48937,Cheadle Hulme
48938,Cheam
48939,Cheddar
48940,Cheddington
48941,Cheddleton
48942,Cheetham Hill
48943,Chelford
48944,Chelmsford
48945,Chelmsley Wood
48946,Chelsea
48947,Cheltenham
48948,Chepstow
48949,Cherry Burton
48950,Chertsey
48951,Chesham
48952,Cheshire East
48953,Cheshire West and Chester
48954,Cheshunt
48955,Chessington
48956,Chester
48957,Chester-le-Street
48958,Chesterfield
48959,Chew Magna
48960,Chichester
48961,Chickerell
48962,Chicksands
48963,Chiddingfold
48964,Chigwell
48965,Chilcompton
48966,Child Okeford
48967,Chilton Foliat
48968,Chilworth
48969,Chinley
48970,Chinnor
48971,Chippenham
48972,Chipping Campden
48973,Chipping Norton
48974,Chipping Ongar
48975,Chipping Sodbury
48976,Chirk
48977,Chirnside
48978,Chiseldon
48979,Chislehurst
48980,Chobham
48981,Cholsey
48982,Choppington
48983,Chopwell
48984,Chorley
48985,Chorleywood
48986,Chorlton
48987,Chorlton cum Hardy
48988,Christchurch
48989,Chryston
48990,Chudleigh
48991,Chudleigh Knighton
48992,Chulmleigh
48993,Church
48994,Church Fenton
48995,Church Stretton
48996,Churchdown
48997,Churchill
48998,Churt
48999,Cinderford
49000,Cirencester
49001,City and Borough of Birmingham
49002,City and Borough of Leeds
49003,City and Borough of Salford
49004,City and Borough of Wakefield
49005,City and County of Swansea
49006,City of Belfast
49007,City of Bristol
49008,City of Edinburgh
49009,City of Kingston upon Hull
49010,City of Leicester
49011,City of London
49012,City of Westminster
49013,City of York
49014,Clackmannan
49015,Clackmannanshire
49016,Clacton-on-Sea
49017,Clapham
49018,Clarborough
49019,Clare
49020,Clarkston
49021,Claydon
49022,Claypole
49023,Clayton West
49024,Clayton le Moors
49025,Clayton-le-Woods
49026,Cleator Moor
49027,Cleckheaton
49028,Cleethorpes
49029,Cleland
49030,Clenchwarton
49031,Cleobury Mortimer
49032,Clerkenwell
49033,Clevedon
49034,Cleveleys
49035,Cliffe
49036,Clifton
49037,Clitheroe
49038,Clive
49039,Clophill
49040,Clowne
49041,Clutton
49042,Clydach
49043,Clydebank
49044,Coalburn
49045,Coalisland
49046,Coaltown of Balgonie
49047,Coalville
49048,Coatbridge
49049,Coates
49050,Cobham
49051,Cockenzie
49052,Cockermouth
49053,Cockfield
49054,Cockington
49055,Codicote
49056,Codsall
49057,Coedpoeth
49058,Cogenhoe
49059,Coggeshall
49060,Coity
49061,Colchester
49062,Cold Ash
49063,Cold Norton
49064,Colden Common
49065,Coldstream
49066,Coleford
49067,Coleraine
49068,Colerne
49069,Colinton
49070,Collier Row
49071,Collingbourne Kingston
49072,Collingham
49073,Colnbrook
49074,Colne
49075,Colsterworth
49076,Coltishall
49077,Colwich
49078,Colwyn Bay
49079,Colyton
49080,Combe Martin
49081,Comber
49082,Comberton
49083,Compton
49084,Compton Martin
49085,Comrie
49086,Congleton
49087,Congresbury
49088,Coningsby
49089,Conisbrough
49090,Connor
49091,Conon Bridge
49092,Consett
49093,Conwy
49094,Cookham
49095,Cookley
49096,Cookstown
49097,Cople
49098,Copmanthorpe
49099,Copplestone
49100,Coppull
49101,Copthorne
49102,Corbridge
49103,Corby
49104,Corby Glen
49105,Corfe Castle
49106,Cornholme
49107,Cornwall
49108,Corse
49109,Corsham
49110,Corston
49111,Cosby
49112,Cosham
49113,Costessey
49114,Cotgrave
49115,Cottenham
49116,Cottesmore
49117,Cottingham
49118,Coulsdon
49119,Coundon
49120,Countesthorpe
49121,County Durham
49122,County of Ceredigion
49123,County of Flintshire
49124,Coupar Angus
49125,Cove
49126,Coven
49127,Coventry
49128,Cowbit
49129,Cowbridge
49130,Cowdenbeath
49131,Cowes
49132,Cowfold
49133,Cowie
49134,Cowley
49135,Cowplain
49136,Coxhoe
49137,Coylton
49138,Cradley Heath
49139,Craigavon
49140,Crail
49141,Cramlington
49142,Cranbrook
49143,Cranfield
49144,Cranham
49145,Cranleigh
49146,Cranwell
49147,Craven Arms
49148,Crawley
49149,Crawley Down
49150,Credenhill
49151,Crediton
49152,Creech Saint Michael
49153,Creswell
49154,Crewe
49155,Crewkerne
49156,Criccieth
49157,Crick
49158,Crickhowell
49159,Cricklade
49160,Crieff
49161,Cringleford
49162,Croeserw
49163,Croft
49164,Crofton
49165,Crofty
49166,Cromer
49167,Cromford
49168,Crondall
49169,Crook
49170,Cropwell Bishop
49171,Crosby
49172,Cross Hands
49173,Cross Hills
49174,Crossford
49175,Crossgar
49176,Crossgates
49177,Crosshouse
49178,Crossmaglen
49179,Croston
49180,Crouch End
49181,Crowborough
49182,Crowland
49183,Crowle
49184,Crowthorne
49185,Croy
49186,Croydon
49187,Cruden Bay
49188,Crumlin
49189,Crumlin
49190,Crumpsall
49191,Crymych
49192,Crynant
49193,Cuckfield
49194,Cuddington
49195,Cudworth
49196,Cuffley
49197,Culcheth
49198,Cullen
49199,Cullingworth
49200,Culloden
49201,Cullompton
49202,Cullybackey
49203,Culmore
49204,Cults
49205,Culverstone Green
49206,Cumbernauld
49207,Cumbria
49208,Cumnock
49209,Cupar
49210,Curdworth
49211,Currie
49212,Curry Rivel
49213,Cushendall
49214,Cuxton
49215,Cwm
49216,Cwmafan
49217,Cwmbach
49218,Cwmbran
49219,Dagenham
49220,Dalbeattie
49221,Dalgety Bay
49222,Dalkeith
49223,Dalmellington
49224,Dalry
49225,Dalrymple
49226,Dalserf
49227,Dalston
49228,Dalton in Furness
49229,Danbury
49230,Danby
49231,Danderhall
49232,Darenth
49233,Daresbury
49234,Darfield
49235,Darlaston
49236,Darlington
49237,Darras Hall
49238,Darrington
49239,Dartford
49240,Dartmouth
49241,Darton
49242,Darvel
49243,Darwen
49244,Datchet
49245,Datchworth
49246,Daventry
49247,Dawlish
49248,Deal
49249,Deanshanger
49250,Dearham
49251,Debenham
49252,Deddington
49253,Dedham
49254,Deeside
49255,Deganwy
49256,Deiniolen
49257,Delabole
49258,Delph
49259,Denbigh
49260,Denbighshire
49261,Denby Dale
49262,Denham
49263,Denholme
49264,Denmead
49265,Denny
49266,Dennyloanhead
49267,Denton
49268,Denton Holme
49269,Derby
49270,Derbyshire
49271,Deri
49272,Derry
49273,Derry City and Strabane
49274,Dersingham
49275,Desborough
49276,Desford
49277,Devizes
49278,Devon
49279,Dewsbury
49280,Dickens Heath
49281,Dickleburgh
49282,Didcot
49283,Didsbury
49284,Diggle
49285,Dinas Powys
49286,Dingwall
49287,Dinnington
49288,Dinton
49289,Disley
49290,Diss
49291,Distington
49292,District of Rutland
49293,Ditchingham
49294,Ditchling
49295,Ditton Hill
49296,Doagh
49297,Dobwalls
49298,Doddington
49299,Dodworth
49300,Dolgellau
49301,Dollar
49302,Donaghadee
49303,Doncaster
49304,Donington
49305,Donisthorpe
49306,Donnington
49307,Dorchester
49308,Dorking
49309,Dormansland
49310,Dornoch
49311,Dorridge
49312,Dorset
49313,Dorstone
49314,Douglas
49315,Doune
49316,Dove Holes
49317,Dover
49318,Dovercourt
49319,Doveridge
49320,Downham Market
49321,Downpatrick
49322,Downton
49323,Draperstown
49324,Draycott
49325,Dreghorn
49326,Driffield
49327,Droitwich
49328,Dromore
49329,Dronfield
49330,Drongan
49331,Droylsden
49332,Drumnadrochit
49333,Drybrook
49334,Ducklington
49335,Dudley
49336,Duffield
49337,Dufftown
49338,Dukinfield
49339,Dulverton
49340,Dumbarton
49341,Dumfries
49342,Dumfries and Galloway
49343,Dunbar
49344,Dunblane
49345,Dunchurch
49346,Dundee
49347,Dundee City
49348,Dundonald
49349,Dundonald
49350,Dundrum
49351,Dundry
49352,Dunfermline
49353,Dungannon
49354,Dungiven
49355,Dunholme
49356,Dunipace
49357,Dunkeswell
49358,Dunlop
49359,Dunloy
49360,Dunnington
49361,Dunoon
49362,Duns
49363,Dunstable
49364,Dunswell
49365,Duntocher
49366,Durham
49367,Dursley
49368,Duxford
49369,Dyce
49370,Dyffryn Ardudwy
49371,Dymchurch
49372,Dyserth
49373,Eaglescliffe
49374,Eaglesham
49375,Earby
49376,Earith
49377,Earl Shilton
49378,Earls Barton
49379,Earls Colne
49380,Earlsfield
49381,Earlston
49382,Easington
49383,Easingwold
49384,East Ayrshire
49385,East Ayton
49386,East Bergholt
49387,East Boldon
49388,East Bridgford
49389,East Calder
49390,East Chevington
49391,East Cowes
49392,East Dean
49393,East Dereham
49394,East Dunbartonshire
49395,East Grinstead
49396,East Hanney
49397,East Harling
49398,East Harptree
49399,East Horsley
49400,East Keswick
49401,East Kilbride
49402,East Leake
49403,East Linton
49404,East Lothian
49405,East Markham
49406,East Molesey
49407,East Peckham
49408,East Rainton
49409,East Renfrewshire
49410,East Riding of Yorkshire
49411,East Sussex
49412,East Tilbury
49413,East Wemyss
49414,East Whitburn
49415,East Wittering
49416,Eastbourne
49417,Eastchurch
49418,Eastington
49419,Eastleigh
49420,Eastoft
49421,Easton
49422,Easton on the Hill
49423,Easton-in-Gordano
49424,Eastriggs
49425,Eastrington
49426,Eastry
49427,Eastwood
49428,Eaton Bray
49429,Eaton Socon
49430,Eattington
49431,Ebbw Vale
49432,Eccles
49433,Eccleshall
49434,Eccleston
49435,Eckington
49436,Edenbridge
49437,Edenfield
49438,Edgmond
49439,Edgware
49440,Edgworth
49441,Edinburgh
49442,Edington
49443,Edith Weston
49444,Edwinstowe
49445,Egham
49446,Eglinton
49447,Egremont
49448,Eight Ash Green
49449,Eilean Siar
49450,Elderslie
49451,Elgin
49452,Elland
49453,Ellerker
49454,Ellerton
49455,Ellesmere
49456,Ellesmere Port
49457,Ellon
49458,Elm Park
49459,Elmstead Market
49460,Elmswell
49461,Elsenham
49462,Elstead
49463,Elstree
49464,Elswick
49465,Elvington
49466,Elwick
49467,Ely
49468,Emberton
49469,Embleton
49470,Embsay
49471,Emley
49472,Emneth
49473,Empingham
49474,Emsworth
49475,Enderby
49476,Enfield Town
49477,Enniskillen
49478,Epping
49479,Epsom
49480,Epworth
49481,Erith
49482,Errol
49483,Erskine
49484,Esher
49485,Essendine
49486,Essex
49487,Essington
49488,Eton
49489,Eton Wick
49490,Etton
49491,Etwall
49492,Euxton
49493,Evanton
49494,Evenwood
49495,Evercreech
49496,Eversholt
49497,Eversley
49498,Everton
49499,Evesham
49500,Ewell
49501,Ewhurst
49502,Ewyas Harold
49503,Exeter
49504,Exhall
49505,Exminster
49506,Exmouth
49507,Exning
49508,Exton
49509,Eye
49510,Eyemouth
49511,Eynsford
49512,Eynsham
49513,Eythorne
49514,Faifley
49515,Failsworth
49516,Fairford
49517,Fairlands
49518,Fairlie
49519,Fairlight
49520,Fakenham
49521,Falkirk
49522,Falkland
49523,Fallin
49524,Fallowfield
49525,Falmouth
49526,Fareham
49527,Faringdon
49528,Farnborough
49529,Farndon
49530,Farnham
49531,Farnham Royal
49532,Farnsfield
49533,Farnworth
49534,Fauldhouse
49535,Faversham
49536,Fazeley
49537,Featherstone
49538,Felixstowe
49539,Felling
49540,Feltham
49541,Felton
49542,Feltwell
49543,Fenstanton
49544,Fenwick
49545,Fermanagh and Omagh
49546,Ferndale
49547,Ferndown
49548,Fernhill Heath
49549,Fernhurst
49550,Ferrybridge
49551,Ferryhill
49552,Fife
49553,Filey
49554,Finchampstead
49555,Findern
49556,Findochty
49557,Findon
49558,Finedon
49559,Finningley
49560,Fintona
49561,Fishburn
49562,Fishguard
49563,Fishtoft
49564,Fitzwilliam
49565,Five Oak Green
49566,Fivemiletown
49567,Flamborough
49568,Fleckney
49569,Fleet
49570,Fleetwood
49571,Flexbury
49572,Flimby
49573,Flimwell
49574,Flint
49575,Flitwick
49576,Flockton
49577,Flookburgh
49578,Flore
49579,Fochabers
49580,Fochriw
49581,Folkestone
49582,Fontwell
49583,Ford
49584,Fordham
49585,Fordingbridge
49586,Forest Row
49587,Forfar
49588,Formby
49589,Forres
49590,Fort William
49591,Forth
49592,Fortrose
49593,Fortuneswell
49594,Foulridge
49595,Foulsham
49596,Four Crosses
49597,Four Lanes
49598,Four Marks
49599,Fowey
49600,Fowlmere
49601,Framlingham
49602,Frampton on Severn
49603,Fraserburgh
49604,Freckleton
49605,Fremington
49606,Freshwater
49607,Freuchie
49608,Frimley
49609,Frinton-on-Sea
49610,Friockheim
49611,Friston
49612,Frizington
49613,Frodsham
49614,Frome
49615,Fulbourn
49616,Full Sutton
49617,Furnace Green
49618,Fylde
49619,Gaerwen
49620,Gainford
49621,Gainsborough
49622,Galashiels
49623,Galgate
49624,Galston
49625,Gamlingay
49626,Garelochhead
49627,Garforth
49628,Gargrave
49629,Garsington
49630,Garstang
49631,Gartcosh
49632,Garvagh
49633,Gateshead
49634,Geddington
49635,Gedney Hill
49636,Gelligaer
49637,Germoe
49638,Gerrards Cross
49639,Giffnock
49640,Gilberdyke
49641,Gilfach Goch
49642,Gilford
49643,Gillingham
49644,Gilwern
49645,Girton
49646,Girvan
49647,Glanamman
49648,Glandwr
49649,Glapwell
49650,Glasgow
49651,Glasgow City
49652,Glastonbury
49653,Glazebury
49654,Glemsford
49655,Glenariff
49656,Glenavy
49657,Glenboig
49658,Glenfield
49659,Glenmavis
49660,Glenrothes
49661,Glinton
49662,Glossop
49663,Gloucester
49664,Gloucestershire
49665,Glusburn
49666,Glyn-neath
49667,Glyncorrwg
49668,Gnosall
49669,Gobowen
49670,Godalming
49671,Godmanchester
49672,Godshill
49673,Godstone
49674,Golborne
49675,Golspie
49676,Goodwick
49677,Goole
49678,Goosnargh
49679,Goostrey
49680,Gorebridge
49681,Goring
49682,Goring-by-Sea
49683,Gorleston-on-Sea
49684,Gorseinon
49685,Gosberton
49686,Gosfield
49687,Gosforth
49688,Gosport
49689,Gossops Green
49690,Gotham
49691,Goudhurst
49692,Gourock
49693,Govilon
49694,Goxhill
49695,Grain
49696,Grange Hill
49697,Grange-over-Sands
49698,Grangemouth
49699,Grantham
49700,Grantown on Spey
49701,Grappenhall
49702,Grassington
49703,Gravesend
49704,Grays
49705,Greasby
49706,Great Amwell
49707,Great Ayton
49708,Great Bardfield
49709,Great Barford
49710,Great Barton
49711,Great Bedwyn
49712,Great Bentley
49713,Great Bookham
49714,Great Chesterford
49715,Great Dunmow
49716,Great Eccleston
49717,Great Glen
49718,Great Gonerby
49719,Great Gransden
49720,Great Hanwood
49721,Great Harwood
49722,Great Haywood
49723,Great Horkesley
49724,Great Horwood
49725,Great Houghton
49726,Great Leighs
49727,Great Malvern
49728,Great Marton
49729,Great Missenden
49730,Great Paxton
49731,Great Sankey
49732,Great Torrington
49733,Great Wakering
49734,Great Waldingfield
49735,Great Wyrley
49736,Great Yarmouth
49737,Great Yeldham
49738,Greater London
49739,Greatham
49740,Greenfield
49741,Greenfield
49742,Greenford
49743,Greenhill
49744,Greenhill
49745,Greenhithe
49746,Greenisland
49747,Greenock
49748,Greetham
49749,Gresford
49750,Gretna
49751,Greyabbey
49752,Grimethorpe
49753,Grimsby
49754,Grimston
49755,Griston
49756,Gronant
49757,Groombridge
49758,Grove
49759,Grovesend
49760,Grundisburgh
49761,Guilden Sutton
49762,Guildford
49763,Guilsfield
49764,Guisborough
49765,Guiseley
49766,Gullane
49767,Gunness
49768,Gunnislake
49769,Gwynedd
49770,Hackleton
49771,Haddenham
49772,Haddington
49773,Hadleigh
49774,Hadley
49775,Hadley Wood
49776,Hadlow
49777,Hadston
49778,Hagley
49779,Hailsham
49780,Hainault
49781,Hale
49782,Halesowen
49783,Halesworth
49784,Halifax
49785,Halkirk
49786,Hallglen
49787,Halling
49788,Hallow
49789,Halstead
49790,Halton
49791,Haltwhistle
49792,Hamble-le-Rice
49793,Hambleton
49794,Hameldon Hill
49795,Hamilton
49796,Hampshire
49797,Hampton
49798,Hampton in Arden
49799,Handcross
49800,Hannington
49801,Hanslope
49802,Hapton
49803,Harbury
49804,Hardingstone
49805,Hardwick Village
49806,Harefield
49807,Harlech
49808,Harleston
49809,Harlington
49810,Harlow
49811,Harold Wood
49812,Harpenden
49813,Harpole
49814,Harrietsham
49815,Harringay
49816,Harrogate
49817,Harrold
49818,Harrow on the Hill
49819,Harston
49820,Harthill
49821,Harthill
49822,Hartlebury
49823,Hartlepool
49824,Hartley
49825,Hartley Wintney
49826,Hartshill
49827,Hartwell
49828,Harvington
49829,Harwell
49830,Harwich
49831,Haslemere
49832,Haslingden
49833,Haslingfield
49834,Hassocks
49835,Hastings
49836,Haswell
49837,Hatfield
49838,Hatfield Heath
49839,Hatfield Peverel
49840,Hatherleigh
49841,Hathern
49842,Hathersage
49843,Hatton
49844,Haughley
49845,Haughton Green
49846,Havant
49847,Haverfordwest
49848,Haverhill
49849,Haverigg
49850,Hawarden
49851,Hawick
49852,Hawkhurst
49853,Hawkinge
49854,Haworth
49855,Hawthorn
49856,Haxby
49857,Haxey
49858,Hay
49859,Haydock
49860,Haydon Bridge
49861,Hayes
49862,Hayfield
49863,Hayle
49864,Hayling Island
49865,Haynes
49866,Hayton
49867,Haywards Heath
49868,Hazel Grove
49869,Hazlerigg
49870,Heacham
49871,Head of Muir
49872,Headcorn
49873,Heage
49874,Healing
49875,Heanor
49876,Heath and Reach
49877,Heathfield
49878,Heaton Chapel
49879,Heavitree
49880,Hebburn
49881,Hebden Bridge
49882,Heckington
49883,Heckmondwike
49884,Heddon on the Wall
49885,Hedge End
49886,Hedon
49887,Heighington
49888,Helensburgh
49889,Hellaby
49890,Hellifield
49891,Helmsley
49892,Helpston
49893,Helsby
49894,Helston
49895,Hemel Hempstead
49896,Hemingbrough
49897,Hemingford Grey
49898,Hemsby
49899,Hemsworth
49900,Hemyock
49901,Henfield
49902,Hengoed
49903,Henley in Arden
49904,Henley-on-Thames
49905,Henllan
49906,Henlow
49907,Henstridge
49908,Hereford
49909,Herefordshire
49910,Hermitage
49911,Herne Bay
49912,Herstmonceux
49913,Hertford
49914,Hertfordshire
49915,Heswall
49916,Hethersett
49917,Hetton-Le-Hole
49918,Hexham
49919,Heysham
49920,Heywood
49921,Hibaldstow
49922,High Barnet
49923,High Bentham
49924,High Blantyre
49925,High Etherley
49926,High Halden
49927,High Halstow
49928,High Legh
49929,High Ongar
49930,High Peak
49931,High Valleyfield
49932,High Wycombe
49933,Higham Ferrers
49934,Highbridge
49935,Highclere
49936,Highland
49937,Highley
49938,Hightown
49939,Highworth
49940,Hillsborough
49941,Hillside
49942,Hilton
49943,Hinchley Wood
49944,Hinckley
49945,Hindhead
49946,Hindley
49947,Hindon
49948,Hingham
49949,Hinton
49950,Hirwaun
49951,Histon
49952,Hitchin
49953,Hockley
49954,Hockley Heath
49955,Hockliffe
49956,Hockwold cum Wilton
49957,Hoddesdon
49958,Holbeach
49959,Holbeck
49960,Holbrook
49961,Hollingworth
49962,Holloway
49963,Hollym
49964,Holmes Chapel
49965,Holmfirth
49966,Holmwood
49967,Holsworthy
49968,Holt
49969,Holtby
49970,Holton le Clay
49971,Holyhead
49972,Holytown
49973,Holywell
49974,Holywell Green
49975,Holywood
49976,Honeybourne
49977,Honiton
49978,Hoo
49979,Hook
49980,Hook
49981,Hook Norton
49982,Hoole
49983,Hope
49984,Hope Valley
49985,Hopeman
49986,Hopton on Sea
49987,Horam
49988,Horbury
49989,Horley
49990,Horncastle
49991,Hornchurch
49992,Horndon on the Hill
49993,Horning
49994,Hornsea
49995,Horrabridge
49996,Horsford
49997,Horsforth
49998,Horsham
49999,Horsmonden
50000,Horsted Keynes
50001,Horton
50002,Horton Kirby
50003,Horwich
50004,Hotham
50005,Houghton
50006,Houghton Conquest
50007,Houghton on the Hill
50008,Houghton-Le-Spring
50009,Hounslow
50010,Houston
50011,Hove
50012,Hoveton
50013,Howden
50014,Howwood
50015,Hoylake
50016,Hoyland Nether
50017,Hucknall
50018,Huddersfield
50019,Hugh Town
50020,Hulme
50021,Humberston
50022,Hundleton
50023,Hungerford
50024,Hunmanby
50025,Hunstanton
50026,Huntingdon
50027,Huntley
50028,Huntly
50029,Huntspill
50030,Hunwick
50031,Hurst
50032,Hurstpierpoint
50033,Husbands Bosworth
50034,Husborne Crawley
50035,Huyton
50036,Hyde
50037,Hyde Heath
50038,Hythe
50039,Ibstock
50040,Ilchester
50041,Ilfracombe
50042,Ilkeston
50043,Ilkley
50044,Ilminster
50045,Immingham
50046,Ince Blundell
50047,Ince-in-Makerfield
50048,Inchinnan
50049,Inchture
50050,Ingatestone
50051,Ingleby Greenhow
50052,Ingleton
50053,Ingoldmells
50054,Ingrave
50055,Inkberrow
50056,Innerleithen
50057,Insch
50058,Inverbervie
50059,Inverclyde
50060,Invergordon
50061,Invergowrie
50062,Inverkeithing
50063,Inverkip
50064,Inverness
50065,Inverurie
50066,Ipplepen
50067,Ipswich
50068,Irchester
50069,Irlam
50070,Ironbridge
50071,Irthlingborough
50072,Irvine
50073,Irvinestown
50074,Isle Of Mull
50075,Isle of Arran
50076,Isle of Bute
50077,Isle of Cumbrae
50078,Isle of Islay
50079,Isle of Lewis
50080,Isle of North Uist
50081,Isle of South Uist
50082,Isle of Wight
50083,Isleham
50084,Isles of Scilly
50085,Isleworth
50086,Islington
50087,Iver
50088,Iver Heath
50089,Ivinghoe
50090,Ivybridge
50091,Iwade
50092,Ixworth
50093,Jarrow
50094,Jedburgh
50095,Johnston
50096,Johnstone
50097,Jordanstown
50098,Keadby
50099,Keady
50100,Kearsley
50101,Kedington
50102,Keelby
50103,Keele
50104,Kegworth
50105,Keighley
50106,Keith
50107,Kelloe
50108,Kelsall
50109,Kelso
50110,Kelty
50111,Kelvedon
50112,Kelvedon Hatch
50113,Kemnay
50114,Kempsey
50115,Kempston
50116,Kempston Hardwick
50117,Kemsing
50118,Kendal
50119,Kenilworth
50120,Kennington
50121,Kennoway
50122,Kensworth
50123,Kent
50124,Kenton
50125,Keresley
50126,Kesgrave
50127,Kessingland
50128,Keswick
50129,Kettering
50130,Ketton
50131,Keyingham
50132,Keynsham
50133,Keyworth
50134,Kibworth Harcourt
50135,Kidderminster
50136,Kidlington
50137,Kidsgrove
50138,Kidwelly
50139,Kilbarchan
50140,Kilbirnie
50141,Kilburn
50142,Kilcreggan
50143,Kilgetty
50144,Kilham
50145,Kilkeel
50146,Killamarsh
50147,Killearn
50148,Killyleagh
50149,Kilmacolm
50150,Kilmarnock
50151,Kilmaurs
50152,Kilrea
50153,Kilsby
50154,Kilsyth
50155,Kilwinning
50156,Kimberley
50157,Kimbolton
50158,Kimpton
50159,Kincardine
50160,Kineton
50161,King's Clipstone
50162,King's Lynn
50163,Kinghorn
50164,Kinglassie
50165,Kings Hill
50166,Kings Langley
50167,Kings Sutton
50168,Kings Worthy
50169,Kingsbridge
50170,Kingsbury
50171,Kingsclere
50172,Kingskerswell
50173,Kingskettle
50174,Kingsland
50175,Kingsley
50176,Kingsteignton
50177,Kingston Bagpuize
50178,Kingston Seymour
50179,Kingston upon Hull
50180,Kingston upon Thames
50181,Kingswells
50182,Kingswinford
50183,Kingswood
50184,Kington
50185,Kingussie
50186,Kinloss
50187,Kinross
50188,Kintbury
50189,Kintore
50190,Kinvere
50191,Kippax
50192,Kippen
50193,Kirby Muxloe
50194,Kircubbin
50195,Kirk Sandall
50196,Kirkburton
50197,Kirkby
50198,Kirkby Lonsdale
50199,Kirkby Stephen
50200,Kirkby in Ashfield
50201,Kirkbymoorside
50202,Kirkcaldy
50203,Kirkconnel
50204,Kirkcudbright
50205,Kirkham
50206,Kirkintilloch
50207,Kirklees
50208,Kirkliston
50209,Kirknewton
50210,Kirkwall
50211,Kirriemuir
50212,Kirton
50213,Kirton in Lindsey
50214,Kislingbury
50215,Kiveton Park
50216,Knaphill
50217,Knaresborough
50218,Knebworth
50219,Knighton
50220,Knottingley
50221,Knowle
50222,Knowsley
50223,Knutsford
50224,Laceby
50225,Lacock
50226,Ladybank
50227,Lakenheath
50228,Lamberhurst
50229,Lambeth
50230,Lambourn
50231,Lamesley
50232,Lamlash
50233,Lampeter
50234,Lanark
50235,Lancashire
50236,Lancaster
50237,Lanchester
50238,Lancing
50239,Landrake
50240,Langford
50241,Langham
50242,Langho
50243,Langholm
50244,Langley Green
50245,Langley Park
50246,Langport
50247,Langtoft
50248,Larbert
50249,Largs
50250,Lark Hill
50251,Larkfield
50252,Larkhall
50253,Larne
50254,Latchingdon and Snoreham
50255,Lauder
50256,Launceston
50257,Laurencekirk
50258,Laurieston
50259,Lavendon
50260,Lavenham
50261,Law
50262,Layer de la Haye
50263,Leasingham
50264,Leatherhead
50265,Lechlade
50266,Leconfield
50267,Ledbury
50268,Ledsham
50269,Lee-on-the-Solent
50270,Leeds
50271,Leek
50272,Leek Wootton
50273,Leeswood
50274,Leicester
50275,Leicestershire
50276,Leigh
50277,Leighton Buzzard
50278,Leiston
50279,Lenham
50280,Lennoxtown
50281,Lenzie
50282,Leominster
50283,Lerwick
50284,Lesbury
50285,Leslie
50286,Lesmahagow
50287,Letchworth
50288,Letchworth Garden City
50289,Letham
50290,Letterston
50291,Leuchars
50292,Leven
50293,Leven
50294,Lewes
50295,Leyburn
50296,Leyland
50297,Leysdown-on-Sea
50298,Lhanbryde
50299,Lichfield
50300,Lidlington
50301,Lifton
50302,Lightwater
50303,Limavady
50304,Limekilns
50305,Limpley Stoke
50306,Lincoln
50307,Lincolnshire
50308,Lingdale
50309,Lingfield
50310,Lingwood
50311,Linlithgow
50312,Linthwaite
50313,Linton
50314,Linton upon Ouse
50315,Linwood
50316,Liphook
50317,Lisburn
50318,Lisburn and Castlereagh
50319,Liskeard
50320,Lisnaskea
50321,Liss
50322,Litherland
50323,Little Amwell
50324,Little Chalfont
50325,Little Clacton
50326,Little Dunmow
50327,Little Eaton
50328,Little Hallingbury
50329,Little Hulton
50330,Little Lever
50331,Little Paxton
50332,Little Weighton
50333,Littleborough
50334,Littlebourne
50335,Littlehampton
50336,Littleport
50337,Liverpool
50338,Liversedge
50339,Livingston
50340,Llanarth
50341,Llanbedr
50342,Llanberis
50343,Llanbradach
50344,Llandeilo
50345,Llandovery
50346,Llandrindod Wells
50347,Llandudno
50348,Llandybie
50349,Llandysul
50350,Llanelli
50351,Llanerchymedd
50352,Llanfair Caereinion
50353,Llanfairfechan
50354,Llanfairpwllgwyngyll
50355,Llanfyllin
50356,Llangefni
50357,Llangoed
50358,Llangollen
50359,Llangwm
50360,Llangybi
50361,Llangynidr
50362,Llanharan
50363,Llanharry
50364,Llanidloes
50365,Llanilar
50366,Llanrhaeadr-ym-Mochnant
50367,Llanrug
50368,Llanrwst
50369,Llansantffraid Glan Conwy
50370,Llansteffan
50371,Llantrisant
50372,Llantwit Fardre
50373,Llantwit Major
50374,Llwynypia
50375,Loanhead
50376,Locharbriggs
50377,Lochgelly
50378,Lochgilphead
50379,Lochmaben
50380,Lochwinnoch
50381,Lockerbie
50382,Locking
50383,Lockington
50384,Loddon
50385,Lofthouse
50386,Loftus
50387,Logan
50388,London
50389,Londonderry County Borough
50390,Long Ashton
50391,Long Bennington
50392,Long Buckby
50393,Long Clawson
50394,Long Crendon
50395,Long Eaton
50396,Long Itchington
50397,Long Lawford
50398,Long Melford
50399,Long Stratton
50400,Long Sutton
50401,Long Whatton
50402,Longdendale
50403,Longfield
50404,Longforgan
50405,Longhope
50406,Longhorsley
50407,Longhoughton
50408,Longniddry
50409,Longridge
50410,Longsight
50411,Longstanton
50412,Longton
50413,Longtown
50414,Longwick
50415,Looe
50416,Lossiemouth
50417,Lostwithiel
50418,Loughborough
50419,Louth
50420,Low Ackworth
50421,Low Bradley
50422,Low Etherley
50423,Lowdham
50424,Lower Brailes
50425,Lower Broadheath
50426,Lower Earley
50427,Lower Halstow
50428,Lower Kingswood
50429,Lowestoft
50430,Lowick
50431,Luckington
50432,Luddenden Foot
50433,Ludgershall
50434,Ludlow
50435,Lugwardine
50436,Luncarty
50437,Lund
50438,Lundin Links
50439,Luton
50440,Lutterworth
50441,Lydbrook
50442,Lydd
50443,Lydiard Millicent
50444,Lydney
50445,Lyme Regis
50446,Lyminge
50447,Lymington
50448,Lymm
50449,Lympne
50450,Lympstone
50451,Lyndhurst
50452,Lyneham
50453,Lynemouth
50454,Lynton
50455,Lytchett Matravers
50456,Lytham St Annes
50457,Mablethorpe
50458,Macclesfield
50459,Macduff
50460,Machen
50461,Machynlleth
50462,Macmerry
50463,Maddiston
50464,Madeley
50465,Maesteg
50466,Maghera
50467,Magherafelt
50468,Magheralin
50469,Maghull
50470,Magor
50471,Maiden Newton
50472,Maidenbower
50473,Maidenhead
50474,Maidstone
50475,Maldon
50476,Malmesbury
50477,Malpas
50478,Maltby
50479,Malton
50480,Manby
50481,Manchester
50482,Manea
50483,Mangotsfield
50484,Manningtree
50485,Mansfield
50486,Mansfield Woodhouse
50487,Manston
50488,Manton
50489,Maple Cross
50490,Marazion
50491,March
50492,Marcham
50493,Marchwiel
50494,Marchwood
50495,Marden
50496,Margate
50497,Market Bosworth
50498,Market Deeping
50499,Market Drayton
50500,Market Harborough
50501,Market Lavington
50502,Market Overton
50503,Market Rasen
50504,Market Warsop
50505,Market Weighton
50506,Markfield
50507,Markinch
50508,Marks Tey
50509,Markyate
50510,Marlborough
50511,Marldon
50512,Marlow
50513,Marnhull
50514,Marple
50515,Marr
50516,Marsden
50517,Marshfield
50518,Marshfield
50519,Marske-by-the-Sea
50520,Marston Moretaine
50521,Martham
50522,Martock
50523,Maryburgh
50524,Maryport
50525,Masham
50526,Matlock
50527,Mattishall
50528,Mauchline
50529,Maulden
50530,Maxwellheugh
50531,Maybole
50532,Mayfield
50533,Mayfield
50534,Mayland
50535,Measham
50536,Medway
50537,Melbourn
50538,Melbourne
50539,Meldreth
50540,Melksham
50541,Melrose
50542,Meltham
50543,Meltham Mills
50544,Melton Mowbray
50545,Menai Bridge
50546,Mendip
50547,Menston
50548,Menstrie
50549,Meopham
50550,Meppershall
50551,Mere
50552,Meriden
50553,Merriott
50554,Merthyr Tydfil
50555,Merthyr Tydfil County Borough
50556,Messingham
50557,Metheringham
50558,Methil
50559,Methley
50560,Methven
50561,Metropolitan Borough of Wirral
50562,Mevagissey
50563,Mexborough
50564,Mickle Trafford
50565,Mickleton
50566,Mid Calder
50567,Mid Ulster
50568,Mid and East Antrim
50569,Middle Rasen
50570,Middle Winterslow
50571,Middlesbrough
50572,Middlestown
50573,Middleton
50574,Middlewich
50575,Midhurst
50576,Midlothian
50577,Midsomer Norton
50578,Milborne Port
50579,Milborne St Andrew
50580,Mildenhall
50581,Milford
50582,Milford Haven
50583,Milford on Sea
50584,Millbrook
50585,Millisle
50586,Millom
50587,Millport
50588,Milltimber
50589,Milnathort
50590,Milngavie
50591,Milnrow
50592,Milnthorpe
50593,Milton Keynes
50594,Milton of Campsie
50595,Milton of Leys
50596,Milverton
50597,Minchinhampton
50598,Minehead
50599,Minety
50600,Minster Lovell
50601,Minsterley
50602,Mintlaw
50603,Mirfield
50604,Misterton
50605,Mistley
50606,Mitcham
50607,Mitcheldean
50608,Mobberley
50609,Modbury
50610,Moelfre
50611,Moffat
50612,Moira
50613,Moira
50614,Mold
50615,Mollington
50616,Moneymore
50617,Monifieth
50618,Monk Fryston
50619,Monmouth
50620,Monmouthshire
50621,Montrose
50622,Moodiesburn
50623,Moray
50624,Morchard Bishop
50625,Morcott
50626,Morden
50627,Morecambe
50628,Moreton
50629,Moreton in Marsh
50630,Moretonhampstead
50631,Morley
50632,Morpeth
50633,Moss
50634,Mossblown
50635,Mossley
50636,Mostyn
50637,Motcombe
50638,Motherwell
50639,Mouldsworth
50640,Moulton Chapel
50641,Mount Hawke
50642,Mountain Ash
50643,Mountsorrel
50644,Moy
50645,Much Hadham
50646,Much Wenlock
50647,Muir of Ord
50648,Muirhead
50649,Muirkirk
50650,Mulbarton
50651,Mullion
50652,Mundesley
50653,Mundford
50654,Murton
50655,Musselburgh
50656,Mylor Bridge
50657,Mytholmroyd
50658,Nafferton
50659,Nailsea
50660,Nailsworth
50661,Nairn
50662,Nanpean
50663,Nantwich
50664,Narberth
50665,Narborough
50666,Navenby
50667,Neath
50668,Neath Port Talbot
50669,Necton
50670,Needham Market
50671,Needingworth
50672,Nefyn
50673,Neilston
50674,Nelson
50675,Nelson
50676,Neston
50677,Nether Heyford
50678,Nether Poppleton
50679,Nether Stowey
50680,Netheravon
50681,Netherlee
50682,Netherton
50683,Netley
50684,Nettleham
50685,New Alresford
50686,New Basford
50687,New Cumnock
50688,New Ferry
50689,New Malden
50690,New Marske
50691,New Mills
50692,New Milton
50693,New Pitsligo
50694,New Quay
50695,New Romney
50696,New Stevenston
50697,New Tredegar
50698,Newark on Trent
50699,Newarthill
50700,Newbiggin-by-the-Sea
50701,Newbold Verdon
50702,Newbridge
50703,Newbridge
50704,Newburgh
50705,Newburn
50706,Newbury
50707,Newcastle
50708,Newcastle Emlyn
50709,Newcastle under Lyme
50710,Newcastle upon Tyne
50711,Newchurch
50712,Newent
50713,Newhaven
50714,Newick
50715,Newington
50716,Newmacher
50717,Newmains
50718,Newmarket
50719,Newmilns
50720,Newport
50721,Newport
50722,Newport Pagnell
50723,Newport-on-Tay
50724,Newquay
50725,Newry
50726,Newry Mourne and Down
50727,Newton Abbot
50728,Newton Aycliffe
50729,Newton Ferrers
50730,Newton Longville
50731,Newton Mearns
50732,Newton Poppleford
50733,Newton Stewart
50734,Newton-le-Willows
50735,Newtonhill
50736,Newtonmore
50737,Newtown
50738,Newtown St Boswells
50739,Newtownabbey
50740,Newtownards
50741,Newtownstewart
50742,Neyland
50743,Ninfield
50744,Niton
50745,Norfolk
50746,Normandy
50747,North Ayrshire
50748,North Baddesley
50749,North Berwick
50750,North Cave
50751,North Collingham
50752,North Duffield
50753,North East Lincolnshire
50754,North Elmham
50755,North Ferriby
50756,North Lanarkshire
50757,North Leigh
50758,North Lincolnshire
50759,North Luffenham
50760,North Newbald
50761,North Petherton
50762,North Queensferry
50763,North Shields
50764,North Somercotes
50765,North Somerset
50766,North Sunderland
50767,North Tawton
50768,North Thoresby
50769,North Walsham
50770,North Yorkshire
50771,Northallerton
50772,Northam
50773,Northampton
50774,Northamptonshire
50775,Northborough
50776,Northiam
50777,Northleach
50778,Northolt
50779,Northop
50780,Northorpe
50781,Northumberland
50782,Northwich
50783,Norton
50784,Norton Canes
50785,Norwich
50786,Nottingham
50787,Nottinghamshire
50788,Notton
50789,Nuneaton
50790,Oadby
50791,Oakengates
50792,Oakham
50793,Oakington
50794,Oakley
50795,Oakley
50796,Oban
50797,Ochiltree
50798,Odiham
50799,Ogmore Vale
50800,Okehampton
50801,Old Basing
50802,Old Harlow
50803,Old Kilpatrick
50804,Old Leake
50805,Old Windsor
50806,Oldbury
50807,Oldham
50808,Oldmeldrum
50809,Olney
50810,Olveston
50811,Omagh
50812,Orkney
50813,Orkney Islands
50814,Orleton
50815,Ormesby St Margaret
50816,Ormiston
50817,Ormskirk
50818,Orpington
50819,Orsett
50820,Orwell
50821,Ossett
50822,Oswestry
50823,Otford
50824,Otley
50825,Otterburn
50826,Ottershaw
50827,Ottery St Mary
50828,Ottringham
50829,Oughtibridge
50830,Oundle
50831,Outwell
50832,Over
50833,Overcombe
50834,Overstrand
50835,Overton
50836,Overton
50837,Overtown
50838,Owston Ferry
50839,Oxenhope
50840,Oxford
50841,Oxfordshire
50842,Oxted
50843,Paddock Wood
50844,Padiham
50845,Padstow
50846,Paignton
50847,Painswick
50848,Paisley
50849,Pangbourne
50850,Pannal
50851,Pant
50852,Papworth Everard
50853,Par
50854,Parbold
50855,Parkstone
50856,Partington
50857,Partridge Green
50858,Pateley Bridge
50859,Patna
50860,Patrington
50861,Pattingham
50862,Paulton
50863,Peacehaven
50864,Peasedown Saint John
50865,Peaslake
50866,Peckham
50867,Peebles
50868,Pegswood
50869,Pelsall
50870,Pelton
50871,Pembroke
50872,Pembroke Dock
50873,Pembrokeshire
50874,Pembury
50875,Pen-clawdd
50876,Penally
50877,Penarth
50878,Pencader
50879,Pencaitland
50880,Pencoed
50881,Penicuik
50882,Penistone
50883,Penkridge
50884,Penmaenmawr
50885,Penparcau
50886,Penrhyndeudraeth
50887,Penrith
50888,Penryn
50889,Pensilva
50890,Pentre
50891,Pentyrch
50892,Penyffordd
50893,Penygroes
50894,Penzance
50895,Perranporth
50896,Perranwell
50897,Pershore
50898,Perth
50899,Perth and Kinross
50900,Peterborough
50901,Peterculter
50902,Peterhead
50903,Peterlee
50904,Petersfield
50905,Petworth
50906,Pevensey
50907,Pevensey Bay
50908,Pewsey
50909,Pickering
50910,Pilning
50911,Pilsley
50912,Pimperne
50913,Pinchbeck
50914,Pinner
50915,Pinxton
50916,Pirton
50917,Pitlochry
50918,Pitmedden
50919,Pitsea
50920,Pitstone
50921,Pittenweem
50922,Plains
50923,Plean
50924,Plumpton Green
50925,Plymouth
50926,Plympton
50927,Plymstock
50928,Pocklington
50929,Podington
50930,Polbeth
50931,Polesworth
50932,Pollington
50933,Polmont
50934,Polperro
50935,Polzeath
50936,Pont Rhyd-y-cyff
50937,Pontarddulais
50938,Pontefract
50939,Ponteland
50940,Pontesbury
50941,Pontlliw
50942,Pontyates
50943,Pontyberem
50944,Pontyclun
50945,Pontycymer
50946,Pontypool
50947,Pontypridd
50948,Pool
50949,Poole
50950,Poringland
50951,Porlock
50952,Port Bannatyne
50953,Port Erroll
50954,Port Glasgow
50955,Port Talbot
50956,Portadown
50957,Portaferry
50958,Portavogie
50959,Portglenone
50960,Porthcawl
50961,Porthleven
50962,Porthmadog
50963,Portishead
50964,Portknockie
50965,Portland
50966,Portlethen
50967,Portree
50968,Portrush
50969,Portscatho
50970,Portslade
50971,Portsmouth
50972,Portsoy
50973,Portstewart
50974,Potterne
50975,Potters Bar
50976,Potterspury
50977,Potton
50978,Poulton-le-Fylde
50979,Poynton
50980,Prees
50981,Preesall
50982,Prenton
50983,Prescot
50984,Prestatyn
50985,Prestbury
50986,Presteigne
50987,Preston
50988,Prestonpans
50989,Prestwich
50990,Prestwick
50991,Price Town
50992,Princes Risborough
50993,Princetown
50994,Priston
50995,Probus
50996,Prudhoe
50997,Publow
50998,Puckeridge
50999,Pucklechurch
51000,Puddletown
51001,Pudsey
51002,Pulborough
51003,Pulloxhill
51004,Purfleet
51005,Puriton
51006,Purley
51007,Purton
51008,Pwllheli
51009,Pyle
51010,Queenborough
51011,Queensbury
51012,Queensferry
51013,Queniborough
51014,Quorndon
51015,Rackheath
51016,Radcliffe
51017,Radcliffe on Trent
51018,Radlett
51019,Radley
51020,Radstock
51021,Radyr
51022,Raglan
51023,Rainford
51024,Rainham
51025,Rainworth
51026,Ramsbottom
51027,Ramsbury
51028,Ramsey
51029,Ramsgate
51030,Randalstown
51031,Ranskill
51032,Rastrick
51033,Ratby
51034,Rathfriland
51035,Ratho
51036,Ratho Station
51037,Raunds
51038,Ravenshead
51039,Ravenstone
51040,Rawcliffe
51041,Rawmarsh
51042,Rawtenstall
51043,Rayleigh
51044,Rayne
51045,Reading
51046,Redbourn
51047,Redbourne
51048,Redcar
51049,Redcar and Cleveland
51050,Redding
51051,Reddingmuirhead
51052,Redditch
51053,Redhill
51054,Redlynch
51055,Redruth
51056,Reedham
51057,Reepham
51058,Reigate
51059,Rendlesham
51060,Renfrew
51061,Renfrewshire
51062,Renton
51063,Repton
51064,Resolven
51065,Retford
51066,Rhayader
51067,Rhondda
51068,Rhondda Cynon Taf
51069,Rhoose
51070,Rhosllanerchrugog
51071,Rhosneigr
51072,Rhu
51073,Rhuddlan
51074,Rhyl
51075,Rhymney
51076,Riccall
51077,Richmond
51078,Rickinghall
51079,Rickmansworth
51080,Ridgmont
51081,Rillington
51082,Ringmer
51083,Ringstead
51084,Ringwood
51085,Ripley
51086,Ripon
51087,Ripponden
51088,Risca
51089,Riseley
51090,Rishton
51091,Roade
51092,Robertsbridge
51093,Rochdale
51094,Roche
51095,Rochester
51096,Rochford
51097,Rock
51098,Rode
51099,Rode Heath
51100,Rogiet
51101,Romford
51102,Romney Marsh
51103,Romsey
51104,Romsley
51105,Roos
51106,Rosehearty
51107,Rosewell
51108,Roslin
51109,Rosneath
51110,Ross on Wye
51111,Rossendale
51112,Rossett
51113,Rostrevor
51114,Rosyth
51115,Rothbury
51116,Rotherfield Peppard
51117,Rotherham
51118,Rothes
51119,Rothesay
51120,Rothienorman
51121,Rothley
51122,Rothwell
51123,Rottingdean
51124,Rowde
51125,Rowhedge
51126,Rowlands Gill
51127,Rowley Regis
51128,Roxton
51129,Royal Borough of Windsor and Maidenhead
51130,Royal Leamington Spa
51131,Royal Tunbridge Wells
51132,Royal Wootton Bassett
51133,Roydon
51134,Royston
51135,Royton
51136,Ruabon
51137,Ruardean
51138,Ruddington
51139,Rudgwick
51140,Rufford
51141,Rugby
51142,Rugeley
51143,Ruislip
51144,Runcorn
51145,Rushden
51146,Ruskington
51147,Rusthall
51148,Rustington
51149,Rutherglen
51150,Ruthin
51151,Ruyton-XI-Towns
51152,Ryde
51153,Rye
51154,Ryhall
51155,Ryhill
51156,Ryhope
51157,Ryton
51158,Ryton on Dunsmore
51159,Sabden
51160,Sacriston
51161,Saffron Walden
51162,Saint Agnes
51163,Saint Andrews
51164,Saint Asaph
51165,Saint Bees
51166,Saint Boswells
51167,Saint Clears
51168,Saint Columb Major
51169,Saint Cyrus
51170,Saint Davids
51171,Saint Dennis
51172,Saint Leonards-on-Sea
51173,Saint Monans
51174,Saint Neots
51175,Saint Osyth
51176,Saint Peters
51177,Saint Stephen
51178,Saintfield
51179,Salcombe
51180,Sale
51181,Salford
51182,Salfords
51183,Saline
51184,Salisbury
51185,Salsburgh
51186,Saltash
51187,Saltburn-by-the-Sea
51188,Saltcoats
51189,Saltford
51190,Sampford Peverell
51191,Sandbach
51192,Sandbank
51193,Sandford
51194,Sandown
51195,Sandwell
51196,Sandwich
51197,Sandwick
51198,Sandy
51199,Sanquhar
51200,Sapcote
51201,Saughall
51202,Saundersfoot
51203,Sawbridgeworth
51204,Sawston
51205,Sawtry
51206,Saxilby
51207,Saxmundham
51208,Scalby
51209,Scalloway
51210,Scarborough
51211,Scarcroft
51212,Scawby
51213,Scholes
51214,Scole
51215,Scone
51216,Scorton
51217,Scotby
51218,Scotter
51219,Scunthorpe
51220,Seafield
51221,Seaford
51222,Seaham
51223,Seahouses
51224,Seascale
51225,Seaton
51226,Seaton Delaval
51227,Seaview
51228,Sedbergh
51229,Sedgefield
51230,Seend
51231,Seer Green
51232,Sefton
51233,Seghill
51234,Selby
51235,Selkirk
51236,Selsey
51237,Send
51238,Settle
51239,Seven Sisters
51240,Sevenoaks
51241,Severn Beach
51242,Shadoxhurst
51243,Shadwell
51244,Shaftesbury
51245,Shalbourne
51246,Shalfleet
51247,Shanklin
51248,Shap
51249,Sharlston
51250,Sharnbrook
51251,Sharpness
51252,Shaw
51253,Shawbury
51254,Sheerness
51255,Sheffield
51256,Shefford
51257,Shelley
51258,Shenley
51259,Shenstone
51260,Shepherdswell
51261,Shepley
51262,Shepperton
51263,Shepshed
51264,Shepton Mallet
51265,Sherborne
51266,Sherborne St John
51267,Sherburn
51268,Sherburn Hill
51269,Sherburn in Elmet
51270,Sheriff Hutton
51271,Sheringham
51272,Sherington
51273,Sherston
51274,Shetland Islands
51275,Shevington
51276,Shieldhill
51277,Shifnal
51278,Shilbottle
51279,Shildon
51280,Shillingstone
51281,Shillington
51282,Shipdham
51283,Shipham
51284,Shipley
51285,Shipston on Stour
51286,Shipton under Wychwood
51287,Shirebrook
51288,Shiremoor
51289,Shirland
51290,Shirley
51291,Shoreham-by-Sea
51292,Shortlands
51293,Shotley Gate
51294,Shotts
51295,Shrewsbury
51296,Shrewton
51297,Shrivenham
51298,Shropshire
51299,Shurdington
51300,Sible Hedingham
51301,Sibsey
51302,Sidcup
51303,Sidmouth
51304,Sileby
51305,Silkstone
51306,Silloth
51307,Silsden
51308,Silsoe
51309,Silver End
51310,Silverdale
51311,Silverstone
51312,Silverton
51313,Sinfin
51314,Sion Mills
51315,Sir Powys
51316,Sissinghurst
51317,Sittingbourne
51318,Skegness
51319,Skellingthorpe
51320,Skelmersdale
51321,Skelmorlie
51322,Skelton
51323,Skidby
51324,Skinningrove
51325,Skipsea
51326,Skipton
51327,Slaley
51328,Slamannan
51329,Sleaford
51330,Sleights
51331,Slinfold
51332,Slough
51333,Smethwick
51334,Smithton
51335,Snaith
51336,Snettisham
51337,Snodland
51338,Soham
51339,Solihull
51340,Somerset
51341,Somersham
51342,Somerton
51343,Sonning Common
51344,South Ayrshire
51345,South Benfleet
51346,South Brent
51347,South Cave
51348,South Cerney
51349,South Chailey
51350,South Collingham
51351,South Croydon
51352,South Elmsall
51353,South Gloucestershire
51354,South Harting
51355,South Hayling
51356,South Hetton
51357,South Lanarkshire
51358,South Littleton
51359,South Luffenham
51360,South Milford
51361,South Molton
51362,South Nutfield
51363,South Ockendon
51364,South Petherton
51365,South Shields
51366,South Tyneside
51367,South Wingfield
51368,South Witham
51369,Southall
51370,Southam
51371,Southampton
51372,Southchurch Village
51373,Southend-on-Sea
51374,Southery
51375,Southgate
51376,Southminster
51377,Southowram
51378,Southport
51379,Southsea
51380,Southwater
51381,Southwell
51382,Southwick
51383,Southwold
51384,Sowerby Bridge
51385,Spalding
51386,Speldhurst
51387,Spennymoor
51388,Spilsby
51389,Spittal
51390,Spixworth
51391,Spofforth
51392,Spratton
51393,Springside
51394,Sproatley
51395,St Albans
51396,St Austell
51397,St Helens
51398,St Ives
51399,St Just
51400,St Leonards
51401,St Mary's
51402,St Mary's Bay
51403,St. Day
51404,St. Helens
51405,Stafford
51406,Staffordshire
51407,Stagsden
51408,Stainburn
51409,Staindrop
51410,Staines
51411,Stainforth
51412,Stakeford
51413,Stalbridge
51414,Stalham
51415,Stallingborough
51416,Stalybridge
51417,Stamford
51418,Stamford Bridge
51419,Stanbridge
51420,Standlake
51421,Standon
51422,Stanford in the Vale
51423,Stanford-le-Hope
51424,Stanhope
51425,Stanley
51426,Stanley
51427,Stanmore
51428,Stannington
51429,Stansted Mountfitchet
51430,Stanwick
51431,Staplehurst
51432,Starcross
51433,Startforth
51434,Staveley
51435,Steeple Bumpstead
51436,Steeple Claydon
51437,Steeton
51438,Stenhousemuir
51439,Stepps
51440,Stevenage
51441,Stevenston
51442,Steventon
51443,Stevington
51444,Stewartby
51445,Stewarton
51446,Stewkley
51447,Steyning
51448,Steynton
51449,Stickney
51450,Stillington
51451,Stilton
51452,Stirling
51453,Stithians
51454,Stock
51455,Stockport
51456,Stocksbridge
51457,Stocksfield
51458,Stockton
51459,Stockton Heath
51460,Stockton-on-Tees
51461,Stoke Ferry
51462,Stoke Gabriel
51463,Stoke Gifford
51464,Stoke Golding
51465,Stoke Goldington
51466,Stoke Poges
51467,Stoke Prior
51468,Stoke-on-Trent
51469,Stoke-sub-Hamdon
51470,Stokenchurch
51471,Stokesley
51472,Stone
51473,Stonehaven
51474,Stonehouse
51475,Stonehouse
51476,Stonesfield
51477,Stoney Stanton
51478,Stoneyburn
51479,Stornoway
51480,Storrington
51481,Stotfold
51482,Stourbridge
51483,Stourport-on-Severn
51484,Stow on the Wold
51485,Stowmarket
51486,Strabane
51487,Stradbroke
51488,Stranraer
51489,Stratfield Mortimer
51490,Stratford-upon-Avon
51491,Strathaven
51492,Strathblane
51493,Strathpeffer
51494,Stratton
51495,Streatley
51496,Street
51497,Streetly
51498,Strensall
51499,Stretford
51500,Stretham
51501,Stromness
51502,Strood
51503,Stroud
51504,Studley
51505,Sturminster Marshall
51506,Sturminster Newton
51507,Sturry
51508,Sudbrooke
51509,Sudbury
51510,Suffolk
51511,Sunbury-on-Thames
51512,Sunderland
51513,Sundridge
51514,Surbiton
51515,Surrey
51516,Sutterton
51517,Sutton
51518,Sutton Benger
51519,Sutton Bonington
51520,Sutton Bridge
51521,Sutton Coldfield
51522,Sutton Courtenay
51523,Sutton in Ashfield
51524,Sutton on Trent
51525,Sutton upon Derwent
51526,Swadlincote
51527,Swaffham
51528,Swanage
51529,Swanley
51530,Swanmore
51531,Swanscombe
51532,Swansea
51533,Swarthmoor
51534,Swavesey
51535,Sway
51536,Swillington
51537,Swindon
51538,Swineshead
51539,Swinton
51540,Symington
51541,Syston
51542,Sywell
51543,Tadcaster
51544,Tadley
51545,Tadworth
51546,Taibach
51547,Tain
51548,Takeley
51549,Tal-y-bont
51550,Talgarth
51551,Talysarn
51552,Tamworth
51553,Tandragee
51554,Tanfield
51555,Tangmere
51556,Tankerton
51557,Tansley
51558,Tarbert
51559,Tarbolton
51560,Tarleton
51561,Tarporley
51562,Tarvin
51563,Tattenhall
51564,Taunton
51565,Tavistock
51566,Tayport
51567,Teddington
51568,Teignmouth
51569,Telford
51570,Telford and Wrekin
51571,Templecombe
51572,Templepatrick
51573,Templeton
51574,Tempsford
51575,Tenbury Wells
51576,Tenby
51577,Tenterden
51578,Terrington Saint John
51579,Terrington St Clement
51580,Tetbury
51581,Tetney
51582,Tewkesbury
51583,Teynham
51584,Thame
51585,Thames Ditton
51586,Thatcham
51587,Thaxted
51588,The Boldons
51589,The Scottish Borders
51590,Theale
51591,Thetford
51592,Theydon Bois
51593,Thirsk
51594,Thornaby-on-Tees
51595,Thornbury
51596,Thorne
51597,Thorner
51598,Thorney
51599,Thorngumbald
51600,Thornhill
51601,Thornley
51602,Thornliebank
51603,Thornton
51604,Thornton Dale
51605,Thornton Heath
51606,Thornton-Cleveleys
51607,Thorp Arch
51608,Thorpe Hamlet
51609,Thorpe le Soken
51610,Thrapston
51611,Three Crosses
51612,Three Legged Cross
51613,Thurlby
51614,Thurlton
51615,Thurso
51616,Thurston
51617,Tibshelf
51618,Ticehurst
51619,Tickhill
51620,Tickton
51621,Tideswell
51622,Tidworth
51623,Tilbury
51624,Tillicoultry
51625,Timperley
51626,Timsbury
51627,Tingewick
51628,Tintagel
51629,Tintern
51630,Tipton
51631,Tiptree
51632,Tisbury
51633,Tiverton
51634,Tobermory
51635,Toddington
51636,Todmorden
51637,Todwick
51638,Tollesbury
51639,Tolleshunt Knights
51640,Tonbridge
51641,Tonypandy
51642,Tonyrefail
51643,Topsham
51644,Torfaen County Borough
51645,Torphins
51646,Torpoint
51647,Torquay
51648,Torrance
51649,Totnes
51650,Totternhoe
51651,Tottington
51652,Totton
51653,Tow Law
51654,Towcester
51655,Town Row
51656,Townhill
51657,Trafford
51658,Trafford Park
51659,Tranent
51660,Trawsfynydd
51661,Tredegar
51662,Treeton
51663,Trefnant
51664,Tregaron
51665,Tregarth
51666,Treharris
51667,Treorchy
51668,Treuddyn
51669,Trimdon
51670,Trimdon Grange
51671,Trimsaran
51672,Tring
51673,Troon
51674,Trowbridge
51675,Truro
51676,Tullibody
51677,Tumble
51678,Tunstall
51679,Turriff
51680,Tuxford
51681,Twechar
51682,Tweedbank
51683,Twyford
51684,Tycroes
51685,Tyldesley
51686,Tynemouth
51687,Tytherington
51688,Tywyn
51689,Uckfield
51690,Uddingston
51691,Uffculme
51692,Ulceby
51693,Ullapool
51694,Ulrome
51695,Ulverston
51696,Undy
51697,Uny Lelant
51698,Upchurch
51699,Upminster
51700,Upper Basildon
51701,Upper Langwith
51702,Upper Poppleton
51703,Uppingham
51704,Upton
51705,Upton Scudamore
51706,Upton upon Severn
51707,Upwell
51708,Urmston
51709,Ushaw Moor
51710,Usk
51711,Uttoxeter
51712,Vale of Glamorgan
51713,Vale of Leven
51714,Valley
51715,Ventnor
51716,Verwood
51717,Victoria
51718,Viewpark
51719,Virginia Water
51720,Waddesdon
51721,Waddington
51722,Wadebridge
51723,Wadhurst
51724,Wadworth
51725,Wainfleet All Saints
51726,Wakefield
51727,Walberton
51728,Wales
51729,Walkden
51730,Walkern
51731,Walkington
51732,Wallasey
51733,Wallingford
51734,Wallsend
51735,Walsall
51736,Walsden
51737,Waltham
51738,Waltham Abbey
51739,Waltham Cross
51740,Walton
51741,Walton-on-Thames
51742,Walton-on-the-Naze
51743,Wanborough
51744,Wansford
51745,Wantage
51746,Warboys
51747,Wardle
51748,Ware
51749,Wareham
51750,Wargrave
51751,Waringstown
51752,Warkworth
51753,Warlingham
51754,Warminster
51755,Warnham
51756,Warrenpoint
51757,Warrington
51758,Warsop
51759,Warton
51760,Warwick
51761,Warwickshire
51762,Washingborough
51763,Washington
51764,Washwood Heath
51765,Watchet
51766,Water Eaton
51767,Water Orton
51768,Waterbeach
51769,Waterfoot
51770,Wateringbury
51771,Waterloo
51772,Waterlooville
51773,Watford
51774,Wath upon Dearne
51775,Watlington
51776,Wattisham
51777,Watton
51778,Watton at Stone
51779,Weaverham
51780,Wedmore
51781,Wednesbury
51782,Wednesfield
51783,Weedon Beck
51784,Weeting
51785,Welford
51786,Wellesbourne
51787,Wellesbourne Mountford
51788,Welling
51789,Wellingborough
51790,Wellington
51791,Wellow
51792,Wells
51793,Wells-next-the-Sea
51794,Welshpool
51795,Welwyn
51796,Welwyn Garden City
51797,Wem
51798,Wembley
51799,Wembury
51800,Wemyss Bay
51801,Wendover
51802,Wentworth
51803,Wenvoe
51804,Weobley
51805,West Bergholt
51806,West Berkshire
51807,West Bridgford
51808,West Bromwich
51809,West Byfleet
51810,West Calder
51811,West Clandon
51812,West Coker
51813,West Cornforth
51814,West Drayton
51815,West Dunbartonshire
51816,West End
51817,West End of London
51818,West Haddon
51819,West Hallam
51820,West Horsley
51821,West Ilsley
51822,West Kilbride
51823,West Kingsdown
51824,West Kirby
51825,West Linton
51826,West Lothian
51827,West Malling
51828,West Mersea
51829,West Molesey
51830,West Rainton
51831,West Sussex
51832,West Thurrock
51833,West Walton
51834,West Wellow
51835,West Wickham
51836,Westbury
51837,Westcliff-on-Sea
51838,Westcott
51839,Westergate
51840,Westerham
51841,Westfield
51842,Westgate on Sea
51843,Westhill
51844,Westhoughton
51845,Weston
51846,Weston Turville
51847,Weston-super-Mare
51848,Westoning
51849,Westonzoyland
51850,Westquarter
51851,Westwood
51852,Wetheral
51853,Wetherby
51854,Wetwang
51855,Weybridge
51856,Weymouth
51857,Whaley Bridge
51858,Whalley
51859,Whaplode
51860,Wheathampstead
51861,Wheatley
51862,Wheaton Aston
51863,Wheldrake
51864,Whickham
51865,Whimple
51866,Whitburn
51867,Whitburn
51868,Whitby
51869,Whitchurch
51870,White Waltham
51871,Whitecraig
51872,Whitefield
51873,Whitehaven
51874,Whitehead
51875,Whitehills
51876,Whiteparish
51877,Whitland
51878,Whitley
51879,Whitley Bay
51880,Whitstable
51881,Whittingham
51882,Whittington
51883,Whittlesey
51884,Whittlesford
51885,Whitwell
51886,Whitworth
51887,Whyteleafe
51888,Wick
51889,Wick
51890,Wick
51891,Wickford
51892,Wickham
51893,Wickham Bishops
51894,Wickham Market
51895,Wickwar
51896,Wideopen
51897,Widnes
51898,Wigan
51899,Wigmore
51900,Wigston Magna
51901,Wigton
51902,Wilberfoss
51903,Wilburton
51904,Willand
51905,Willaston
51906,Willenhall
51907,Willingham
51908,Willington
51909,Williton
51910,Wilmcote
51911,Wilmslow
51912,Wilsden
51913,Wilstead
51914,Wilton
51915,Wiltshire
51916,Wimblington
51917,Wimborne Minster
51918,Wincanton
51919,Winchburgh
51920,Winchcombe
51921,Winchelsea Beach
51922,Winchester
51923,Windermere
51924,Windlesham
51925,Windsor
51926,Windygates
51927,Winford
51928,Wing
51929,Wingate
51930,Wingerworth
51931,Wingham
51932,Wingrave
51933,Winkleigh
51934,Winscombe
51935,Winsford
51936,Winslow
51937,Winterbourne
51938,Winterton
51939,Winwick
51940,Wirksworth
51941,Wisbech
51942,Wishaw
51943,Witchford
51944,Witham
51945,Witheridge
51946,Withernsea
51947,Witley
51948,Witney
51949,Wittering
51950,Witton Gilbert
51951,Wiveliscombe
51952,Wivelsfield Green
51953,Wivenhoe
51954,Woburn
51955,Woburn Sands
51956,Woking
51957,Wokingham
51958,Wold Newton
51959,Woldingham
51960,Wollaston
51961,Wolsingham
51962,Wolston
51963,Wolvercote
51964,Wolverhampton
51965,Wombourn
51966,Wombwell
51967,Wood Street Village
51968,Woodborough
51969,Woodbridge
51970,Woodbury
51971,Woodchurch
51972,Woodcote
51973,Woodford
51974,Woodford Green
51975,Woodhall Spa
51976,Woodsetts
51977,Woodstock
51978,Wool
51979,Woolavington
51980,Wooler
51981,Woolley
51982,Woolpit
51983,Wootton
51984,Worcester
51985,Worcester Park
51986,Worcestershire
51987,Workington
51988,Worksop
51989,Worlaby
51990,Wormley
51991,Worthing
51992,Worton
51993,Wotton-under-Edge
51994,Wouldham
51995,Wragby
51996,Wrawby
51997,Wrea Green
51998,Wrexham
51999,Wrington
52000,Writtle
52001,Wrotham
52002,Wroughton
52003,Wroxall
52004,Wychbold
52005,Wye
52006,Wylam
52007,Wymeswold
52008,Y Felinheli
52009,Yalding
52010,Yapton
52011,Yarm
52012,Yarmouth
52013,Yarnton
52014,Yate
52015,Yateley
52016,Yatton
52017,Yaxley
52018,Yeadon
52019,Yealmpton
52020,Yelverton
52021,Yeovil
52022,Yetminster
52023,Ynysybwl
52024,York
52025,Youlgreave
52026,Yoxall
52027,Ystalyfera
